<?xml version="1.0" encoding="UTF-8"?>
<!--
 This is a WordPress eXtended RSS file generated by WordPress as an export of your site.
 It contains information about your site's posts, pages, comments, categories, and other content.
 You may use this file to transfer that content from one site to another.
 This file is not intended to serve as a complete backup of your site.

 To import this information into a WordPress site follow these steps:
 1. Log in to that site as an administrator.
 2. Go to Tools: Import in the WordPress admin panel.
 3. Install the "WordPress" importer from the list.
 4. Activate & Run Importer.
 5. Upload this file using the form provided on that page.
 6. You will first be asked to map the authors in this export file to users
    on the site. For each author, you may choose to map to an
    existing user on the site or to create a new user.
 7. WordPress will then import each of the posts, pages, comments, categories, etc.
    contained in this file into your site.
-->
<!-- generator="WordPress.com" created="2023-05-25 13:54"-->
<rss version="2.0" xmlns:excerpt="http://wordpress.org/export/1.2/excerpt/" xmlns:content="http://purl.org/rss/1.0/modules/content/" xmlns:wfw="http://wellformedweb.org/CommentAPI/" xmlns:dc="http://purl.org/dc/elements/1.1/" xmlns:wp="http://wordpress.org/export/1.2/">
  <channel>
<title>ДІм рецептів</title>
<link>https://foodrecipeshouse.wordpress.com</link>
<description>Просто та смачно.</description>
<pubDate>Thu, 25 May 2023 13:54:56 +0000</pubDate>
<language>ru-RU</language>
<wp:wxr_version>1.2</wp:wxr_version>
<wp:base_site_url>http://wordpress.com/</wp:base_site_url>
<wp:base_blog_url>https://foodrecipeshouse.wordpress.com</wp:base_blog_url>
<wp:author>
  <wp:author_id>235697963</wp:author_id>
  <wp:author_login>olegmavromati</wp:author_login>
  <wp:author_email>olegmavromati@gmail.com</wp:author_email>
  <wp:author_display_name><![CDATA[Yolo]]></wp:author_display_name>
  <wp:author_first_name><![CDATA[Yolo]]></wp:author_first_name>
  <wp:author_last_name><![CDATA[]]></wp:author_last_name>
</wp:author>
<wp:category>
  <wp:term_id>805610</wp:term_id>
  <wp:category_nicename>%d0%b1%d0%b5%d0%b7-%d1%80%d1%83%d0%b1%d1%80%d0%b8%d0%ba%d0%b8</wp:category_nicename>
  <wp:category_parent/>
  <wp:cat_name><![CDATA[Без рубрики]]></wp:cat_name>
</wp:category>
<generator>http://wordpress.com/</generator>
<image>
		<url>http://s0.wp.com/i/buttonw-com.png</url>
		<title>ДІм рецептів</title>
		<link>https://foodrecipeshouse.wordpress.com</link>
	</image>
	<item>
  <title><![CDATA[О нас]]></title>
  <link>https://foodrecipeshouse.wordpress.com/about/</link>
  <pubDate>Thu, 25 May 2023 09:52:42 +0000</pubDate>
  <dc:creator>olegmavromati</dc:creator>
  <guid isPermaLink="false">http://foodrecipeshouse.wordpress.com/?page_id=1</guid>
  <description/>
  <content:encoded><![CDATA[Это пример страницы. В отличие от записей, которые размещаются на главной странице блога в порядке публикации, страницы предназначены для содержимого, которое должно быть легко доступно в течение длительного времени, например для разделов "Обо мне" или "Контактная информация". Выберите элемент "Изменить", чтобы отредактировать эту страницу, или <a title="Прямая ссылка на элемент &quot;Добавить страницу&quot; в консоли" href="https://wordpress.com/page/219420880/new/">добавьте новую страницу</a>.]]></content:encoded>
  <excerpt:encoded><![CDATA[]]></excerpt:encoded>
  <wp:post_id>1</wp:post_id>
  <wp:post_date>2023-05-25 09:52:42</wp:post_date>
  <wp:post_date_gmt>2023-05-25 09:52:42</wp:post_date_gmt>
  <wp:post_modified>2023-05-25 09:52:42</wp:post_modified>
  <wp:post_modified_gmt>2023-05-25 09:52:42</wp:post_modified_gmt>
  <wp:comment_status>open</wp:comment_status>
  <wp:ping_status>open</wp:ping_status>
  <wp:post_name>about</wp:post_name>
  <wp:status>publish</wp:status>
  <wp:post_parent>0</wp:post_parent>
  <wp:menu_order>0</wp:menu_order>
  <wp:post_type>page</wp:post_type>
  <wp:post_password/>
  <wp:is_sticky>0</wp:is_sticky>
  <wp:postmeta>
    <wp:meta_key>_wp_page_template</wp:meta_key>
    <wp:meta_value><![CDATA[default]]></wp:meta_value>
  </wp:postmeta>
  <wp:postmeta>
    <wp:meta_key>_last_editor_used_jetpack</wp:meta_key>
    <wp:meta_value><![CDATA[block-editor]]></wp:meta_value>
  </wp:postmeta>
</item>
<item>
  <title><![CDATA[Custom Styles]]></title>
  <link>https://foodrecipeshouse.wordpress.com/2023/05/25/wp-global-styles-pub%2fblank-canvas-3/</link>
  <pubDate>Thu, 25 May 2023 11:13:46 +0000</pubDate>
  <dc:creator>olegmavromati</dc:creator>
  <guid isPermaLink="false">https://foodrecipeshouse.wordpress.com/2023/05/25/wp-global-styles-pub%2fblank-canvas-3/</guid>
  <description/>
  <content:encoded><![CDATA[{"version":2,"isGlobalStylesUserThemeJSON":true}]]></content:encoded>
  <excerpt:encoded><![CDATA[]]></excerpt:encoded>
  <wp:post_id>2</wp:post_id>
  <wp:post_date>2023-05-25 14:13:46</wp:post_date>
  <wp:post_date_gmt>2023-05-25 11:13:46</wp:post_date_gmt>
  <wp:post_modified>2023-05-25 14:13:46</wp:post_modified>
  <wp:post_modified_gmt>2023-05-25 11:13:46</wp:post_modified_gmt>
  <wp:comment_status>closed</wp:comment_status>
  <wp:ping_status>closed</wp:ping_status>
  <wp:post_name>wp-global-styles-pub%2fblank-canvas-3</wp:post_name>
  <wp:status>publish</wp:status>
  <wp:post_parent>0</wp:post_parent>
  <wp:menu_order>0</wp:menu_order>
  <wp:post_type>wp_global_styles</wp:post_type>
  <wp:post_password/>
  <wp:is_sticky>0</wp:is_sticky>
  <category domain="wp_theme" nicename="blank-canvas-3"><![CDATA[blank-canvas-3]]></category>
  <wp:postmeta>
    <wp:meta_key>_publicize_pending</wp:meta_key>
    <wp:meta_value><![CDATA[1]]></wp:meta_value>
  </wp:postmeta>
</item>
<item>
  <title><![CDATA[Главная]]></title>
  <link>https://foodrecipeshouse.wordpress.com/2023/05/25/home/</link>
  <pubDate>Thu, 25 May 2023 11:13:48 +0000</pubDate>
  <dc:creator>olegmavromati</dc:creator>
  <guid isPermaLink="false">https://foodrecipeshouse.wordpress.com/2023/05/25/home/</guid>
  <description/>
  <content:encoded><![CDATA[<!-- wp:template-part {"slug":"header","theme":"blank-canvas-3","tagName":"header"} /-->

<!-- wp:group {"tagName":"main"} -->
<main class="wp-block-group"><!-- wp:cover {"url":"https://foodrecipeshouse.files.wordpress.com/2023/05/767277.jpg","id":15,"dimRatio":50,"overlayColor":"foreground","minHeight":100,"minHeightUnit":"vh","contentPosition":"center center","isDark":false,"align":"full","style":{"spacing":{"padding":{"top":"var:preset|spacing|70","right":"var:preset|spacing|70","bottom":"var:preset|spacing|70","left":"var:preset|spacing|70"}}}} -->
<div class="wp-block-cover alignfull is-light" style="padding-top:var(--wp--preset--spacing--70);padding-right:var(--wp--preset--spacing--70);padding-bottom:var(--wp--preset--spacing--70);padding-left:var(--wp--preset--spacing--70);min-height:100vh"><span aria-hidden="true" class="wp-block-cover__background has-foreground-background-color has-background-dim"></span><img class="wp-block-cover__image-background wp-image-15" alt="" src="https://foodrecipeshouse.files.wordpress.com/2023/05/767277.jpg" data-object-fit="cover" /><div class="wp-block-cover__inner-container"><!-- wp:columns {"verticalAlignment":"bottom"} -->
<div class="wp-block-columns are-vertically-aligned-bottom"><!-- wp:column {"verticalAlignment":"bottom","width":"33.34%"} -->
<div class="wp-block-column is-vertically-aligned-bottom" style="flex-basis:33.34%"><!-- wp:paragraph {"align":"left","placeholder":"Write title…","style":{"typography":{"fontSize":"40px","lineHeight":1.2}},"textColor":"background"} -->
<p class="has-text-align-left has-background-color has-text-color" style="font-size:40px;line-height:1.2"><strong>Найсмачніші рецепти страв зібрані в одному каталозі</strong></p>
<!-- /wp:paragraph -->

<!-- wp:paragraph {"textColor":"background"} -->
<p class="has-background-color has-text-color">Відкрийте для себе захопливий світ кулінарії та радуйте смачною їжею себе та близьких.</p>
<!-- /wp:paragraph --></div>
<!-- /wp:column -->

<!-- wp:column {"verticalAlignment":"bottom","width":"40%"} -->
<div class="wp-block-column is-vertically-aligned-bottom" style="flex-basis:40%"></div>
<!-- /wp:column -->

<!-- wp:column {"verticalAlignment":"bottom","width":"33.34%"} -->
<div class="wp-block-column is-vertically-aligned-bottom" style="flex-basis:33.34%"><!-- wp:buttons {"layout":{"type":"flex","justifyContent":"right"}} -->
<div class="wp-block-buttons"><!-- wp:button {"textColor":"background","gradient":"luminous-vivid-amber-to-luminous-vivid-orange","width":75,"style":{"spacing":{"padding":{"left":"var:preset|spacing|50","right":"var:preset|spacing|50","top":"var:preset|spacing|50","bottom":"var:preset|spacing|50"}},"border":{"width":"0px","style":"none","radius":"100px"}},"className":"is-style-outline","fontSize":"x-large","anchor":"all-recipes"} -->
<div class="wp-block-button has-custom-width wp-block-button__width-75 has-custom-font-size is-style-outline has-x-large-font-size" id="all-recipes"><a class="wp-block-button__link has-background-color has-luminous-vivid-amber-to-luminous-vivid-orange-gradient-background has-text-color has-background wp-element-button" href="https://foodrecipeshouse.wordpress.com/33-2/" style="border-style:none;border-width:0px;border-radius:100px;padding-top:var(--wp--preset--spacing--50);padding-right:var(--wp--preset--spacing--50);padding-bottom:var(--wp--preset--spacing--50);padding-left:var(--wp--preset--spacing--50)">Переглянути рецепти</a></div>
<!-- /wp:button --></div>
<!-- /wp:buttons --></div>
<!-- /wp:column --></div>
<!-- /wp:columns --></div></div>
<!-- /wp:cover -->

<!-- wp:group {"align":"full","style":{"color":{"background":"#ffffff","text":"#000000"},"spacing":{"padding":{"top":"7vw","bottom":"7vw"},"margin":{"top":"0px","bottom":"0px"}}},"layout":{"inherit":true,"type":"constrained"}} -->
<div class="wp-block-group alignfull has-text-color has-background" style="color:#000000;background-color:#ffffff;margin-top:0px;margin-bottom:0px;padding-top:7vw;padding-bottom:7vw"><!-- wp:columns {"align":"wide"} -->
<div class="wp-block-columns alignwide"><!-- wp:column {"width":"68%"} -->
<div class="wp-block-column" style="flex-basis:68%"><!-- wp:heading {"style":{"typography":{"fontSize":29,"lineHeight":"1.38"},"spacing":{"margin":{"top":"0px","right":"0px","bottom":"0px","left":"0px"}}}} -->
<h2 class="wp-block-heading" style="margin-top:0px;margin-right:0px;margin-bottom:0px;margin-left:0px;font-size:29px;line-height:1.38">Улюблені страви від редактора</h2>
<!-- /wp:heading --></div>
<!-- /wp:column -->

<!-- wp:column {"width":"32%"} -->
<div class="wp-block-column" style="flex-basis:32%"></div>
<!-- /wp:column --></div>
<!-- /wp:columns -->

<!-- wp:columns {"align":"wide"} -->
<div class="wp-block-columns alignwide"><!-- wp:column -->
<div class="wp-block-column"><!-- wp:jetpack/slideshow {"ids":[19,17,18],"sizeSlug":"full","className":"is-style-rectangular"} -->
<div class="wp-block-jetpack-slideshow aligncenter is-style-rectangular" data-effect="slide"><div class="wp-block-jetpack-slideshow_container swiper-container"><ul class="wp-block-jetpack-slideshow_swiper-wrapper swiper-wrapper"><li class="wp-block-jetpack-slideshow_slide swiper-slide"><figure><img alt="" class="wp-block-jetpack-slideshow_image wp-image-19" data-id="19" src="https://foodrecipeshouse.files.wordpress.com/2023/05/1come-preparare-la-pasta-ai-4-formaggi.jpg" /></figure></li><li class="wp-block-jetpack-slideshow_slide swiper-slide"><figure><img alt="" class="wp-block-jetpack-slideshow_image wp-image-17" data-id="17" src="https://foodrecipeshouse.files.wordpress.com/2023/05/3quale-pasta-scegliere-per-la-pasta-ai-4-formaggi.jpg" /></figure></li><li class="wp-block-jetpack-slideshow_slide swiper-slide"><figure><img alt="" class="wp-block-jetpack-slideshow_image wp-image-18" data-id="18" src="https://foodrecipeshouse.files.wordpress.com/2023/05/2quali-formaggi-usare-per-la-pasta-ai-4-formaggi.webp" /></figure></li></ul><a class="wp-block-jetpack-slideshow_button-prev swiper-button-prev swiper-button-white" role="button"></a><a class="wp-block-jetpack-slideshow_button-next swiper-button-next swiper-button-white" role="button"></a><a aria-label="Pause Slideshow" class="wp-block-jetpack-slideshow_button-pause" role="button"></a><div class="wp-block-jetpack-slideshow_pagination swiper-pagination swiper-pagination-white"></div></div></div>
<!-- /wp:jetpack/slideshow -->

<!-- wp:paragraph {"className":"margin-top-half"} -->
<p class="margin-top-half">Неймовірна паста 4 сири</p>
<!-- /wp:paragraph --></div>
<!-- /wp:column -->

<!-- wp:column -->
<div class="wp-block-column"><!-- wp:jetpack/slideshow {"ids":[22,20,21],"sizeSlug":"full","className":"margin-bottom-half"} -->
<div class="wp-block-jetpack-slideshow aligncenter margin-bottom-half" data-effect="slide"><div class="wp-block-jetpack-slideshow_container swiper-container"><ul class="wp-block-jetpack-slideshow_swiper-wrapper swiper-wrapper"><li class="wp-block-jetpack-slideshow_slide swiper-slide"><figure><img alt="" class="wp-block-jetpack-slideshow_image wp-image-22" data-id="22" src="https://foodrecipeshouse.files.wordpress.com/2023/05/soup1.webp" /></figure></li><li class="wp-block-jetpack-slideshow_slide swiper-slide"><figure><img alt="" class="wp-block-jetpack-slideshow_image wp-image-20" data-id="20" src="https://foodrecipeshouse.files.wordpress.com/2023/05/soup3.webp" /></figure></li><li class="wp-block-jetpack-slideshow_slide swiper-slide"><figure><img alt="" class="wp-block-jetpack-slideshow_image wp-image-21" data-id="21" src="https://foodrecipeshouse.files.wordpress.com/2023/05/soup2.webp" /></figure></li></ul><a class="wp-block-jetpack-slideshow_button-prev swiper-button-prev swiper-button-white" role="button"></a><a class="wp-block-jetpack-slideshow_button-next swiper-button-next swiper-button-white" role="button"></a><a aria-label="Pause Slideshow" class="wp-block-jetpack-slideshow_button-pause" role="button"></a><div class="wp-block-jetpack-slideshow_pagination swiper-pagination swiper-pagination-white"></div></div></div>
<!-- /wp:jetpack/slideshow -->

<!-- wp:paragraph {"className":"margin-top-half"} -->
<p class="margin-top-half">Смачнючий сирний крем суп</p>
<!-- /wp:paragraph --></div>
<!-- /wp:column -->

<!-- wp:column -->
<div class="wp-block-column"><!-- wp:jetpack/slideshow {"ids":[24],"sizeSlug":"full","className":"margin-bottom-half"} -->
<div class="wp-block-jetpack-slideshow aligncenter margin-bottom-half" data-effect="slide"><div class="wp-block-jetpack-slideshow_container swiper-container"><ul class="wp-block-jetpack-slideshow_swiper-wrapper swiper-wrapper"><li class="wp-block-jetpack-slideshow_slide swiper-slide"><figure><img alt="" class="wp-block-jetpack-slideshow_image wp-image-24" data-id="24" src="https://foodrecipeshouse.files.wordpress.com/2023/05/pizza.webp" /></figure></li></ul><a class="wp-block-jetpack-slideshow_button-prev swiper-button-prev swiper-button-white" role="button"></a><a class="wp-block-jetpack-slideshow_button-next swiper-button-next swiper-button-white" role="button"></a><a aria-label="Pause Slideshow" class="wp-block-jetpack-slideshow_button-pause" role="button"></a><div class="wp-block-jetpack-slideshow_pagination swiper-pagination swiper-pagination-white"></div></div></div>
<!-- /wp:jetpack/slideshow -->

<!-- wp:paragraph {"className":"margin-top-half"} -->
<p class="margin-top-half">Запашна піца кватро формаджо</p>
<!-- /wp:paragraph --></div>
<!-- /wp:column --></div>
<!-- /wp:columns --></div>
<!-- /wp:group -->

<!-- wp:group {"align":"full","style":{"color":{"background":"#d1814f","text":"#111111"},"spacing":{"padding":{"top":"7vw","bottom":"7vw"},"margin":{"top":"0px","bottom":"0px"}}},"layout":{"inherit":true,"type":"constrained"}} -->
<div class="wp-block-group alignfull has-text-color has-background" style="color:#111111;background-color:#d1814f;margin-top:0px;margin-bottom:0px;padding-top:7vw;padding-bottom:7vw"><!-- wp:columns {"verticalAlignment":"center","align":"wide","style":{"spacing":{"blockGap":"4.5vw"}}} -->
<div class="wp-block-columns alignwide are-vertically-aligned-center"><!-- wp:column {"verticalAlignment":"center","width":"32%"} -->
<div class="wp-block-column is-vertically-aligned-center" style="flex-basis:32%"><!-- wp:image {"id":25,"sizeSlug":"large","linkDestination":"none"} -->
<figure class="wp-block-image size-large"><img src="https://foodrecipeshouse.files.wordpress.com/2023/05/d0b6d0b0d0ba.jpg?w=1000" alt="" class="wp-image-25" /></figure>
<!-- /wp:image --></div>
<!-- /wp:column -->

<!-- wp:column {"verticalAlignment":"center","width":"68%"} -->
<div class="wp-block-column is-vertically-aligned-center" style="flex-basis:68%"><!-- wp:paragraph {"style":{"typography":{"lineHeight":"1.4"}},"fontSize":"x-large"} -->
<p class="has-x-large-font-size" style="line-height:1.4"><strong>„</strong>Обожнюю смачно поїсти<strong>“</strong></p>
<!-- /wp:paragraph -->

<!-- wp:paragraph {"style":{"typography":{"fontSize":20,"lineHeight":"1.65"}}} -->
<p style="font-size:20px;line-height:1.65">— Жак Фреско</p>
<!-- /wp:paragraph --></div>
<!-- /wp:column --></div>
<!-- /wp:columns --></div>
<!-- /wp:group --></main>
<!-- /wp:group -->

<!-- wp:template-part {"slug":"footer","theme":"blank-canvas-3","tagName":"footer","className":"site-footer-container"} /-->]]></content:encoded>
  <excerpt:encoded><![CDATA[]]></excerpt:encoded>
  <wp:post_id>3</wp:post_id>
  <wp:post_date>2023-05-25 14:13:48</wp:post_date>
  <wp:post_date_gmt>2023-05-25 11:13:48</wp:post_date_gmt>
  <wp:post_modified>2023-05-25 16:07:38</wp:post_modified>
  <wp:post_modified_gmt>2023-05-25 13:07:38</wp:post_modified_gmt>
  <wp:comment_status>closed</wp:comment_status>
  <wp:ping_status>closed</wp:ping_status>
  <wp:post_name>home</wp:post_name>
  <wp:status>publish</wp:status>
  <wp:post_parent>0</wp:post_parent>
  <wp:menu_order>0</wp:menu_order>
  <wp:post_type>wp_template</wp:post_type>
  <wp:post_password/>
  <wp:is_sticky>0</wp:is_sticky>
  <category domain="wp_theme" nicename="blank-canvas-3"><![CDATA[blank-canvas-3]]></category>
  <wp:postmeta>
    <wp:meta_key>is_wp_suggestion</wp:meta_key>
    <wp:meta_value><![CDATA[1]]></wp:meta_value>
  </wp:postmeta>
  <wp:postmeta>
    <wp:meta_key>_publicize_pending</wp:meta_key>
    <wp:meta_value><![CDATA[1]]></wp:meta_value>
  </wp:postmeta>
</item>
<item>
  <title><![CDATA[Header]]></title>
  <link>https://foodrecipeshouse.wordpress.com/2023/05/25/header/</link>
  <pubDate>Thu, 25 May 2023 11:13:50 +0000</pubDate>
  <dc:creator>olegmavromati</dc:creator>
  <guid isPermaLink="false">https://foodrecipeshouse.wordpress.com/2023/05/25/header/</guid>
  <description/>
  <content:encoded><![CDATA[<!-- wp:group {"align":"full","layout":{"type":"constrained"}} -->
<div class="wp-block-group alignfull"><!-- wp:group {"align":"wide","style":{"spacing":{"padding":{"top":"0","bottom":"0"}}},"layout":{"type":"default"}} -->
<div class="wp-block-group alignwide" style="padding-top:0;padding-bottom:0"><!-- wp:spacer {"height":"6vw"} -->
<div style="height:6vw" aria-hidden="true" class="wp-block-spacer"></div>
<!-- /wp:spacer -->

<!-- wp:site-logo {"width":96,"shouldSyncIcon":false,"align":"center"} /-->

<!-- wp:columns {"verticalAlignment":"center"} -->
<div class="wp-block-columns are-vertically-aligned-center"><!-- wp:column {"verticalAlignment":"center","width":"25%"} -->
<div class="wp-block-column is-vertically-aligned-center" style="flex-basis:25%"><!-- wp:separator {"className":"is-style-wide"} -->
<hr class="wp-block-separator has-alpha-channel-opacity is-style-wide" />
<!-- /wp:separator --></div>
<!-- /wp:column -->

<!-- wp:column {"verticalAlignment":"center","width":"50%"} -->
<div class="wp-block-column is-vertically-aligned-center" style="flex-basis:50%"><!-- wp:site-title {"textAlign":"center","style":{"spacing":{"padding":{"left":"0.5em"}},"typography":{"letterSpacing":"0.5em","textTransform":"uppercase","fontSize":"1.6rem","fontStyle":"normal","fontWeight":"400","lineHeight":"1"}},"fontFamily":"eb-garamond"} /-->

<!-- wp:site-tagline {"textAlign":"center","style":{"spacing":{"margin":{"top":"0.63rem"}},"typography":{"fontSize":"0.8rem","fontStyle":"italic","fontWeight":"400"}},"fontFamily":"eb-garamond"} /--></div>
<!-- /wp:column -->

<!-- wp:column {"verticalAlignment":"center","width":"25%"} -->
<div class="wp-block-column is-vertically-aligned-center" style="flex-basis:25%"><!-- wp:separator {"className":"is-style-wide"} -->
<hr class="wp-block-separator has-alpha-channel-opacity is-style-wide" />
<!-- /wp:separator --></div>
<!-- /wp:column --></div>
<!-- /wp:columns -->

<!-- wp:spacer {"height":"6vw"} -->
<div style="height:6vw" aria-hidden="true" class="wp-block-spacer"></div>
<!-- /wp:spacer --></div>
<!-- /wp:group --></div>
<!-- /wp:group -->]]></content:encoded>
  <excerpt:encoded><![CDATA[]]></excerpt:encoded>
  <wp:post_id>5</wp:post_id>
  <wp:post_date>2023-05-25 14:13:50</wp:post_date>
  <wp:post_date_gmt>2023-05-25 11:13:50</wp:post_date_gmt>
  <wp:post_modified>2023-05-25 14:13:50</wp:post_modified>
  <wp:post_modified_gmt>2023-05-25 11:13:50</wp:post_modified_gmt>
  <wp:comment_status>closed</wp:comment_status>
  <wp:ping_status>closed</wp:ping_status>
  <wp:post_name>header</wp:post_name>
  <wp:status>publish</wp:status>
  <wp:post_parent>0</wp:post_parent>
  <wp:menu_order>0</wp:menu_order>
  <wp:post_type>wp_template_part</wp:post_type>
  <wp:post_password/>
  <wp:is_sticky>0</wp:is_sticky>
  <category domain="wp_template_part_area" nicename="header"><![CDATA[header]]></category>
  <category domain="wp_theme" nicename="blank-canvas-3"><![CDATA[blank-canvas-3]]></category>
  <wp:postmeta>
    <wp:meta_key>origin</wp:meta_key>
    <wp:meta_value><![CDATA[theme]]></wp:meta_value>
  </wp:postmeta>
  <wp:postmeta>
    <wp:meta_key>_publicize_pending</wp:meta_key>
    <wp:meta_value><![CDATA[1]]></wp:meta_value>
  </wp:postmeta>
</item>
<item>
  <title><![CDATA[Footer]]></title>
  <link>https://foodrecipeshouse.wordpress.com/2023/05/25/footer/</link>
  <pubDate>Thu, 25 May 2023 11:13:51 +0000</pubDate>
  <dc:creator>olegmavromati</dc:creator>
  <guid isPermaLink="false">https://foodrecipeshouse.wordpress.com/2023/05/25/footer/</guid>
  <description/>
  <content:encoded><![CDATA[<!-- wp:group {"align":"full","style":{"spacing":{"padding":{"top":"7vw","bottom":"7vw","right":"var:preset|spacing|60","left":"var:preset|spacing|60"},"margin":{"top":"0px","bottom":"0px"}}},"layout":{"inherit":true,"type":"constrained"}} -->
<div class="wp-block-group alignfull" style="margin-top:0px;margin-bottom:0px;padding-top:7vw;padding-right:var(--wp--preset--spacing--60);padding-bottom:7vw;padding-left:var(--wp--preset--spacing--60)"><!-- wp:columns {"align":"wide","style":{"spacing":{"blockGap":"40px"}}} -->
<div class="wp-block-columns alignwide"><!-- wp:column {"width":"50%","style":{"spacing":{"blockGap":"16px"}}} -->
<div class="wp-block-column" style="flex-basis:50%"><!-- wp:site-title {"isLink":false,"style":{"typography":{"fontSize":"26px","lineHeight":"1"}}} /-->

<!-- wp:social-links {"iconColor":"foreground","iconColorValue":"#333333","size":"has-small-icon-size","style":{"spacing":{"blockGap":{"top":"16px","left":"16px"}}},"className":"is-style-logos-only"} -->
<ul class="wp-block-social-links has-small-icon-size has-icon-color is-style-logos-only"><!-- wp:social-link {"url":"https://facebook.com","service":"facebook"} /-->

<!-- wp:social-link {"url":"https://twitter.com","service":"twitter"} /-->

<!-- wp:social-link {"url":"https://www.instagram.com/tupo_chel/","service":"instagram"} /--></ul>
<!-- /wp:social-links --></div>
<!-- /wp:column -->

<!-- wp:column {"width":"25%"} -->
<div class="wp-block-column" style="flex-basis:25%"><!-- wp:paragraph {"style":{"typography":{"fontSize":"1.125rem","lineHeight":1.6}}} -->
<p style="font-size:1.125rem;line-height:1.6">Зробив Олег.</p>
<!-- /wp:paragraph --></div>
<!-- /wp:column -->

<!-- wp:column {"width":"25%","style":{"spacing":{"blockGap":"0px"}}} -->
<div class="wp-block-column" style="flex-basis:25%"><!-- wp:paragraph {"style":{"typography":{"fontSize":"1.13rem","lineHeight":1.6}}} -->
<p style="font-size:1.13rem;line-height:1.6">keklol473@gmail.com<br>+380952149815</p>
<!-- /wp:paragraph --></div>
<!-- /wp:column --></div>
<!-- /wp:columns -->

<!-- wp:group {"align":"wide","layout":{"type":"default"}} -->
<div class="wp-block-group alignwide"><!-- wp:paragraph {"style":{"spacing":{"margin":{"top":"4em"}}},"fontSize":"small"} -->
<p class="has-small-font-size" style="margin-top:4em"><a href="https://wordpress.org/">WordPress</a></p>
<!-- /wp:paragraph --></div>
<!-- /wp:group --></div>
<!-- /wp:group -->]]></content:encoded>
  <excerpt:encoded><![CDATA[]]></excerpt:encoded>
  <wp:post_id>6</wp:post_id>
  <wp:post_date>2023-05-25 14:13:51</wp:post_date>
  <wp:post_date_gmt>2023-05-25 11:13:51</wp:post_date_gmt>
  <wp:post_modified>2023-05-25 16:35:31</wp:post_modified>
  <wp:post_modified_gmt>2023-05-25 13:35:31</wp:post_modified_gmt>
  <wp:comment_status>closed</wp:comment_status>
  <wp:ping_status>closed</wp:ping_status>
  <wp:post_name>footer</wp:post_name>
  <wp:status>publish</wp:status>
  <wp:post_parent>0</wp:post_parent>
  <wp:menu_order>0</wp:menu_order>
  <wp:post_type>wp_template_part</wp:post_type>
  <wp:post_password/>
  <wp:is_sticky>0</wp:is_sticky>
  <category domain="wp_template_part_area" nicename="footer"><![CDATA[footer]]></category>
  <category domain="wp_theme" nicename="blank-canvas-3"><![CDATA[blank-canvas-3]]></category>
  <wp:postmeta>
    <wp:meta_key>origin</wp:meta_key>
    <wp:meta_value><![CDATA[theme]]></wp:meta_value>
  </wp:postmeta>
  <wp:postmeta>
    <wp:meta_key>_publicize_pending</wp:meta_key>
    <wp:meta_value><![CDATA[1]]></wp:meta_value>
  </wp:postmeta>
</item>
<item>
  <title><![CDATA[Brilliant]]></title>
  <link>https://foodrecipeshouse.wordpress.com/?p=7</link>
  <pubDate>Thu, 25 May 2023 11:08:53 +0000</pubDate>
  <dc:creator>olegmavromati</dc:creator>
  <guid isPermaLink="false">https://foodrecipeshouse.wordpress.com/2023/05/25/brilliant/</guid>
  <description/>
  <content:encoded><![CDATA[<!-- wp:paragraph -->
<p>Having the proper mindset, moving outside your comfort zone, developing and maintaining healthy relationships, and staying focused have been key drivers of success for thousands of years.</p>
<!-- /wp:paragraph -->

<!-- wp:list -->
<ul><!-- wp:list-item -->
<li>Work smart</li>
<!-- /wp:list-item -->

<!-- wp:list-item -->
<li>Work hard</li>
<!-- /wp:list-item --></ul>
<!-- /wp:list -->

<!-- wp:group {"style":{"spacing":{"blockGap":"4px"}}} -->
<div class="wp-block-group"><!-- wp:paragraph {"fontSize":"medium"} -->
<p class="has-medium-font-size">“Do not say a little in many words but a great deal in few.”</p>
<!-- /wp:paragraph -->

<!-- wp:paragraph -->
<p>— Pythagoras</p>
<!-- /wp:paragraph --></div>
<!-- /wp:group -->

<!-- wp:paragraph -->
<p>Success is earned, one step at a time. One of the most invaluable skills a person can have is being able to clearly express what they want. Sometimes the hardest part of finding success is gathering the courage to get started. As long as you’re learning, you’ll never really fail.&nbsp;</p>
<!-- /wp:paragraph -->]]></content:encoded>
  <excerpt:encoded><![CDATA[]]></excerpt:encoded>
  <wp:post_id>7</wp:post_id>
  <wp:post_date>2023-05-25 14:08:53</wp:post_date>
  <wp:post_date_gmt>2023-05-25 11:08:53</wp:post_date_gmt>
  <wp:post_modified>2023-05-25 16:23:52</wp:post_modified>
  <wp:post_modified_gmt>2023-05-25 13:23:52</wp:post_modified_gmt>
  <wp:comment_status>closed</wp:comment_status>
  <wp:ping_status>closed</wp:ping_status>
  <wp:post_name>brilliant__trashed</wp:post_name>
  <wp:status>trash</wp:status>
  <wp:post_parent>0</wp:post_parent>
  <wp:menu_order>0</wp:menu_order>
  <wp:post_type>post</wp:post_type>
  <wp:post_password/>
  <wp:is_sticky>0</wp:is_sticky>
  <category domain="category" nicename="%d0%b1%d0%b5%d0%b7-%d1%80%d1%83%d0%b1%d1%80%d0%b8%d0%ba%d0%b8"><![CDATA[Без рубрики]]></category>
  <wp:postmeta>
    <wp:meta_key>sharing_disabled</wp:meta_key>
    <wp:meta_value><![CDATA[a:1:{i:0;N;}]]></wp:meta_value>
  </wp:postmeta>
  <wp:postmeta>
    <wp:meta_key>switch_like_status</wp:meta_key>
    <wp:meta_value><![CDATA[a:1:{i:0;N;}]]></wp:meta_value>
  </wp:postmeta>
  <wp:postmeta>
    <wp:meta_key>_starter_page_template</wp:meta_key>
    <wp:meta_value><![CDATA[]]></wp:meta_value>
  </wp:postmeta>
  <wp:postmeta>
    <wp:meta_key>_hs_old_id</wp:meta_key>
    <wp:meta_value><![CDATA[29]]></wp:meta_value>
  </wp:postmeta>
  <wp:postmeta>
    <wp:meta_key>_publicize_pending</wp:meta_key>
    <wp:meta_value><![CDATA[1]]></wp:meta_value>
  </wp:postmeta>
  <wp:postmeta>
    <wp:meta_key>_thumbnail_id</wp:meta_key>
    <wp:meta_value><![CDATA[11]]></wp:meta_value>
  </wp:postmeta>
  <wp:postmeta>
    <wp:meta_key>_wp_trash_meta_status</wp:meta_key>
    <wp:meta_value><![CDATA[publish]]></wp:meta_value>
  </wp:postmeta>
  <wp:postmeta>
    <wp:meta_key>_wp_trash_meta_time</wp:meta_key>
    <wp:meta_value><![CDATA[1685021032]]></wp:meta_value>
  </wp:postmeta>
  <wp:postmeta>
    <wp:meta_key>_wp_desired_post_slug</wp:meta_key>
    <wp:meta_value><![CDATA[brilliant]]></wp:meta_value>
  </wp:postmeta>
</item>
<item>
  <title><![CDATA[Work hard, work smart]]></title>
  <link>https://foodrecipeshouse.wordpress.com/?p=8</link>
  <pubDate>Thu, 25 May 2023 11:08:52 +0000</pubDate>
  <dc:creator>olegmavromati</dc:creator>
  <guid isPermaLink="false">https://foodrecipeshouse.wordpress.com/2023/05/25/work-hard-work-smart/</guid>
  <description/>
  <content:encoded><![CDATA[<!-- wp:group {"style":{"spacing":{"blockGap":"4px"}}} -->
<div class="wp-block-group"><!-- wp:paragraph -->
<p><strong>“Good actions give strength to ourselves and inspire good actions in others.”</strong> </p>
<!-- /wp:paragraph -->

<!-- wp:paragraph -->
<p>— Plato</p>
<!-- /wp:paragraph --></div>
<!-- /wp:group -->

<!-- wp:paragraph -->
<p>Sometimes the hardest part of finding success is gathering the courage to get started. As long as you’re learning, you’ll never really fail.</p>
<!-- /wp:paragraph -->

<!-- wp:paragraph -->
<p><strong>Sweet Success. Brilliant.</strong></p>
<!-- /wp:paragraph -->

<!-- wp:paragraph -->
<p>Having the proper mindset, moving outside your comfort zone, developing and maintaining healthy relationships, and staying focused have been key drivers of success for thousands of years.</p>
<!-- /wp:paragraph -->]]></content:encoded>
  <excerpt:encoded><![CDATA[]]></excerpt:encoded>
  <wp:post_id>8</wp:post_id>
  <wp:post_date>2023-05-25 14:08:52</wp:post_date>
  <wp:post_date_gmt>2023-05-25 11:08:52</wp:post_date_gmt>
  <wp:post_modified>2023-05-25 16:23:54</wp:post_modified>
  <wp:post_modified_gmt>2023-05-25 13:23:54</wp:post_modified_gmt>
  <wp:comment_status>closed</wp:comment_status>
  <wp:ping_status>closed</wp:ping_status>
  <wp:post_name>work-hard-work-smart__trashed</wp:post_name>
  <wp:status>trash</wp:status>
  <wp:post_parent>0</wp:post_parent>
  <wp:menu_order>0</wp:menu_order>
  <wp:post_type>post</wp:post_type>
  <wp:post_password/>
  <wp:is_sticky>0</wp:is_sticky>
  <category domain="category" nicename="%d0%b1%d0%b5%d0%b7-%d1%80%d1%83%d0%b1%d1%80%d0%b8%d0%ba%d0%b8"><![CDATA[Без рубрики]]></category>
  <wp:postmeta>
    <wp:meta_key>_wp_trash_meta_status</wp:meta_key>
    <wp:meta_value><![CDATA[publish]]></wp:meta_value>
  </wp:postmeta>
  <wp:postmeta>
    <wp:meta_key>sharing_disabled</wp:meta_key>
    <wp:meta_value><![CDATA[a:1:{i:0;N;}]]></wp:meta_value>
  </wp:postmeta>
  <wp:postmeta>
    <wp:meta_key>switch_like_status</wp:meta_key>
    <wp:meta_value><![CDATA[a:1:{i:0;N;}]]></wp:meta_value>
  </wp:postmeta>
  <wp:postmeta>
    <wp:meta_key>_starter_page_template</wp:meta_key>
    <wp:meta_value><![CDATA[]]></wp:meta_value>
  </wp:postmeta>
  <wp:postmeta>
    <wp:meta_key>_hs_old_id</wp:meta_key>
    <wp:meta_value><![CDATA[27]]></wp:meta_value>
  </wp:postmeta>
  <wp:postmeta>
    <wp:meta_key>_publicize_pending</wp:meta_key>
    <wp:meta_value><![CDATA[1]]></wp:meta_value>
  </wp:postmeta>
  <wp:postmeta>
    <wp:meta_key>_thumbnail_id</wp:meta_key>
    <wp:meta_value><![CDATA[12]]></wp:meta_value>
  </wp:postmeta>
  <wp:postmeta>
    <wp:meta_key>_wp_trash_meta_time</wp:meta_key>
    <wp:meta_value><![CDATA[1685021034]]></wp:meta_value>
  </wp:postmeta>
  <wp:postmeta>
    <wp:meta_key>_wp_desired_post_slug</wp:meta_key>
    <wp:meta_value><![CDATA[work-hard-work-smart]]></wp:meta_value>
  </wp:postmeta>
</item>
<item>
  <title><![CDATA[Get inspired, get started]]></title>
  <link>https://foodrecipeshouse.wordpress.com/?p=9</link>
  <pubDate>Thu, 25 May 2023 11:08:51 +0000</pubDate>
  <dc:creator>olegmavromati</dc:creator>
  <guid isPermaLink="false">https://foodrecipeshouse.wordpress.com/2023/05/25/get-inspired-get-started/</guid>
  <description/>
  <content:encoded><![CDATA[<!-- wp:paragraph -->
<p>Look for opportunities to lift others up along the way. Having the proper mindset, moving outside your comfort zone, developing and maintaining healthy relationships, and staying focused have been key drivers of success for thousands of years.&nbsp;</p>
<!-- /wp:paragraph -->

<!-- wp:paragraph -->
<p><strong>Work Hard</strong></p>
<!-- /wp:paragraph -->

<!-- wp:paragraph -->
<p>The most successful people don’t look back to see who’s watching. Look for opportunities to lift others up along the way. Having the proper mindset, moving outside your comfort zone, developing and maintaining healthy relationships, and staying focused have been key drivers of success for thousands of years.&nbsp;</p>
<!-- /wp:paragraph -->

<!-- wp:paragraph -->
<p><strong>Work smart. Brilliant. Sweet Success.</strong></p>
<!-- /wp:paragraph -->]]></content:encoded>
  <excerpt:encoded><![CDATA[]]></excerpt:encoded>
  <wp:post_id>9</wp:post_id>
  <wp:post_date>2023-05-25 14:08:51</wp:post_date>
  <wp:post_date_gmt>2023-05-25 11:08:51</wp:post_date_gmt>
  <wp:post_modified>2023-05-25 16:23:56</wp:post_modified>
  <wp:post_modified_gmt>2023-05-25 13:23:56</wp:post_modified_gmt>
  <wp:comment_status>closed</wp:comment_status>
  <wp:ping_status>closed</wp:ping_status>
  <wp:post_name>get-inspired-get-started__trashed</wp:post_name>
  <wp:status>trash</wp:status>
  <wp:post_parent>0</wp:post_parent>
  <wp:menu_order>0</wp:menu_order>
  <wp:post_type>post</wp:post_type>
  <wp:post_password/>
  <wp:is_sticky>0</wp:is_sticky>
  <category domain="category" nicename="%d0%b1%d0%b5%d0%b7-%d1%80%d1%83%d0%b1%d1%80%d0%b8%d0%ba%d0%b8"><![CDATA[Без рубрики]]></category>
  <wp:postmeta>
    <wp:meta_key>_wp_trash_meta_status</wp:meta_key>
    <wp:meta_value><![CDATA[publish]]></wp:meta_value>
  </wp:postmeta>
  <wp:postmeta>
    <wp:meta_key>sharing_disabled</wp:meta_key>
    <wp:meta_value><![CDATA[a:1:{i:0;N;}]]></wp:meta_value>
  </wp:postmeta>
  <wp:postmeta>
    <wp:meta_key>switch_like_status</wp:meta_key>
    <wp:meta_value><![CDATA[a:1:{i:0;N;}]]></wp:meta_value>
  </wp:postmeta>
  <wp:postmeta>
    <wp:meta_key>_starter_page_template</wp:meta_key>
    <wp:meta_value><![CDATA[]]></wp:meta_value>
  </wp:postmeta>
  <wp:postmeta>
    <wp:meta_key>_hs_old_id</wp:meta_key>
    <wp:meta_value><![CDATA[24]]></wp:meta_value>
  </wp:postmeta>
  <wp:postmeta>
    <wp:meta_key>_publicize_pending</wp:meta_key>
    <wp:meta_value><![CDATA[1]]></wp:meta_value>
  </wp:postmeta>
  <wp:postmeta>
    <wp:meta_key>_thumbnail_id</wp:meta_key>
    <wp:meta_value><![CDATA[13]]></wp:meta_value>
  </wp:postmeta>
  <wp:postmeta>
    <wp:meta_key>_wp_trash_meta_time</wp:meta_key>
    <wp:meta_value><![CDATA[1685021036]]></wp:meta_value>
  </wp:postmeta>
  <wp:postmeta>
    <wp:meta_key>_wp_desired_post_slug</wp:meta_key>
    <wp:meta_value><![CDATA[get-inspired-get-started]]></wp:meta_value>
  </wp:postmeta>
</item>
<item>
  <title><![CDATA[Secrets of success]]></title>
  <link>https://foodrecipeshouse.wordpress.com/?p=10</link>
  <pubDate>Thu, 25 May 2023 11:08:50 +0000</pubDate>
  <dc:creator>olegmavromati</dc:creator>
  <guid isPermaLink="false">https://foodrecipeshouse.wordpress.com/2023/05/25/secrets-of-success/</guid>
  <description/>
  <content:encoded><![CDATA[<!-- wp:paragraph -->
<p>Success is earned, one step at a time. One of the most invaluable skills a person can have is being able to clearly express what they want. You have the courage that leads to success.  As long as you’re learning, you’ll never fail.&nbsp;</p>
<!-- /wp:paragraph -->

<!-- wp:paragraph -->
<p><strong>The most successful people don’t look back to see who’s watching.</strong></p>
<!-- /wp:paragraph -->

<!-- wp:group {"style":{"spacing":{"blockGap":"4px"}}} -->
<div class="wp-block-group"><!-- wp:paragraph {"fontSize":"medium"} -->
<p class="has-medium-font-size">“Our greatest glory is not in never falling, but in rising every time we fail.”</p>
<!-- /wp:paragraph -->

<!-- wp:paragraph {"fontSize":"small"} -->
<p class="has-small-font-size">—Confucius</p>
<!-- /wp:paragraph --></div>
<!-- /wp:group -->

<!-- wp:paragraph -->
<p>Look for opportunities to lift others up along the way. Having the proper mindset, moving outside your comfort zone, developing and maintaining healthy relationships, and staying focused have been key drivers of success for thousands of years.&nbsp;</p>
<!-- /wp:paragraph -->]]></content:encoded>
  <excerpt:encoded><![CDATA[]]></excerpt:encoded>
  <wp:post_id>10</wp:post_id>
  <wp:post_date>2023-05-25 14:08:50</wp:post_date>
  <wp:post_date_gmt>2023-05-25 11:08:50</wp:post_date_gmt>
  <wp:post_modified>2023-05-25 16:23:58</wp:post_modified>
  <wp:post_modified_gmt>2023-05-25 13:23:58</wp:post_modified_gmt>
  <wp:comment_status>closed</wp:comment_status>
  <wp:ping_status>closed</wp:ping_status>
  <wp:post_name>secrets-of-success__trashed</wp:post_name>
  <wp:status>trash</wp:status>
  <wp:post_parent>0</wp:post_parent>
  <wp:menu_order>0</wp:menu_order>
  <wp:post_type>post</wp:post_type>
  <wp:post_password/>
  <wp:is_sticky>0</wp:is_sticky>
  <category domain="category" nicename="%d0%b1%d0%b5%d0%b7-%d1%80%d1%83%d0%b1%d1%80%d0%b8%d0%ba%d0%b8"><![CDATA[Без рубрики]]></category>
  <wp:postmeta>
    <wp:meta_key>_wp_trash_meta_status</wp:meta_key>
    <wp:meta_value><![CDATA[publish]]></wp:meta_value>
  </wp:postmeta>
  <wp:postmeta>
    <wp:meta_key>_wp_desired_post_slug</wp:meta_key>
    <wp:meta_value><![CDATA[secrets-of-success]]></wp:meta_value>
  </wp:postmeta>
  <wp:postmeta>
    <wp:meta_key>sharing_disabled</wp:meta_key>
    <wp:meta_value><![CDATA[a:1:{i:0;N;}]]></wp:meta_value>
  </wp:postmeta>
  <wp:postmeta>
    <wp:meta_key>switch_like_status</wp:meta_key>
    <wp:meta_value><![CDATA[a:1:{i:0;N;}]]></wp:meta_value>
  </wp:postmeta>
  <wp:postmeta>
    <wp:meta_key>_starter_page_template</wp:meta_key>
    <wp:meta_value><![CDATA[]]></wp:meta_value>
  </wp:postmeta>
  <wp:postmeta>
    <wp:meta_key>_hs_old_id</wp:meta_key>
    <wp:meta_value><![CDATA[20]]></wp:meta_value>
  </wp:postmeta>
  <wp:postmeta>
    <wp:meta_key>_publicize_pending</wp:meta_key>
    <wp:meta_value><![CDATA[1]]></wp:meta_value>
  </wp:postmeta>
  <wp:postmeta>
    <wp:meta_key>_thumbnail_id</wp:meta_key>
    <wp:meta_value><![CDATA[14]]></wp:meta_value>
  </wp:postmeta>
  <wp:postmeta>
    <wp:meta_key>_wp_trash_meta_time</wp:meta_key>
    <wp:meta_value><![CDATA[1685021038]]></wp:meta_value>
  </wp:postmeta>
</item>
<item>
  <title><![CDATA[Placeholder Image]]></title>
  <link>https://foodrecipeshouse.wordpress.com/?attachment_id=11</link>
  <pubDate>Thu, 25 May 2023 11:14:00 +0000</pubDate>
  <dc:creator>olegmavromati</dc:creator>
  <guid isPermaLink="false">http://foodrecipeshouse.files.wordpress.com/2023/05/mountains_landscape.jpeg</guid>
  <description/>
  <content:encoded><![CDATA[]]></content:encoded>
  <excerpt:encoded><![CDATA[]]></excerpt:encoded>
  <wp:post_id>11</wp:post_id>
  <wp:post_date>2023-05-25 14:14:00</wp:post_date>
  <wp:post_date_gmt>2023-05-25 11:14:00</wp:post_date_gmt>
  <wp:post_modified>2023-05-25 14:14:00</wp:post_modified>
  <wp:post_modified_gmt>2023-05-25 11:14:00</wp:post_modified_gmt>
  <wp:comment_status>open</wp:comment_status>
  <wp:ping_status>closed</wp:ping_status>
  <wp:post_name>placeholder-image</wp:post_name>
  <wp:status>inherit</wp:status>
  <wp:post_parent>7</wp:post_parent>
  <wp:menu_order>0</wp:menu_order>
  <wp:post_type>attachment</wp:post_type>
  <wp:post_password/>
  <wp:is_sticky>0</wp:is_sticky>
  <wp:attachment_url>https://foodrecipeshouse.files.wordpress.com/2023/05/mountains_landscape.jpeg</wp:attachment_url>
  <wp:postmeta>
    <wp:meta_key>_wp_attached_file</wp:meta_key>
    <wp:meta_value><![CDATA[/home/wpcom/public_html/wp-content/blogs.dir/c08/219420880/files/2023/05/mountains_landscape.jpeg]]></wp:meta_value>
  </wp:postmeta>
  <wp:postmeta>
    <wp:meta_key>_wp_attachment_metadata</wp:meta_key>
    <wp:meta_value><![CDATA[a:6:{s:5:"width";i:1200;s:6:"height";i:800;s:4:"file";s:97:"/home/wpcom/public_html/wp-content/blogs.dir/c08/219420880/files/2023/05/mountains_landscape.jpeg";s:8:"filesize";i:132375;s:5:"sizes";a:0:{}s:10:"image_meta";a:12:{s:8:"aperture";s:1:"0";s:6:"credit";s:0:"";s:6:"camera";s:0:"";s:7:"caption";s:0:"";s:17:"created_timestamp";s:1:"0";s:9:"copyright";s:0:"";s:12:"focal_length";s:1:"0";s:3:"iso";s:1:"0";s:13:"shutter_speed";s:1:"0";s:5:"title";s:0:"";s:11:"orientation";s:1:"0";s:8:"keywords";a:0:{}}}]]></wp:meta_value>
  </wp:postmeta>
</item>
<item>
  <title><![CDATA[Placeholder Image]]></title>
  <link>https://foodrecipeshouse.wordpress.com/?attachment_id=12</link>
  <pubDate>Thu, 25 May 2023 11:14:00 +0000</pubDate>
  <dc:creator>olegmavromati</dc:creator>
  <guid isPermaLink="false">http://foodrecipeshouse.files.wordpress.com/2023/05/mountains_landscape-1.jpeg</guid>
  <description/>
  <content:encoded><![CDATA[]]></content:encoded>
  <excerpt:encoded><![CDATA[]]></excerpt:encoded>
  <wp:post_id>12</wp:post_id>
  <wp:post_date>2023-05-25 14:14:00</wp:post_date>
  <wp:post_date_gmt>2023-05-25 11:14:00</wp:post_date_gmt>
  <wp:post_modified>2023-05-25 14:14:00</wp:post_modified>
  <wp:post_modified_gmt>2023-05-25 11:14:00</wp:post_modified_gmt>
  <wp:comment_status>open</wp:comment_status>
  <wp:ping_status>closed</wp:ping_status>
  <wp:post_name>placeholder-image-2</wp:post_name>
  <wp:status>inherit</wp:status>
  <wp:post_parent>8</wp:post_parent>
  <wp:menu_order>0</wp:menu_order>
  <wp:post_type>attachment</wp:post_type>
  <wp:post_password/>
  <wp:is_sticky>0</wp:is_sticky>
  <wp:attachment_url>https://foodrecipeshouse.files.wordpress.com/2023/05/mountains_landscape-1.jpeg</wp:attachment_url>
  <wp:postmeta>
    <wp:meta_key>_wp_attached_file</wp:meta_key>
    <wp:meta_value><![CDATA[/home/wpcom/public_html/wp-content/blogs.dir/c08/219420880/files/2023/05/mountains_landscape-1.jpeg]]></wp:meta_value>
  </wp:postmeta>
  <wp:postmeta>
    <wp:meta_key>_wp_attachment_metadata</wp:meta_key>
    <wp:meta_value><![CDATA[a:6:{s:5:"width";i:1200;s:6:"height";i:800;s:4:"file";s:99:"/home/wpcom/public_html/wp-content/blogs.dir/c08/219420880/files/2023/05/mountains_landscape-1.jpeg";s:8:"filesize";i:132375;s:5:"sizes";a:0:{}s:10:"image_meta";a:12:{s:8:"aperture";s:1:"0";s:6:"credit";s:0:"";s:6:"camera";s:0:"";s:7:"caption";s:0:"";s:17:"created_timestamp";s:1:"0";s:9:"copyright";s:0:"";s:12:"focal_length";s:1:"0";s:3:"iso";s:1:"0";s:13:"shutter_speed";s:1:"0";s:5:"title";s:0:"";s:11:"orientation";s:1:"0";s:8:"keywords";a:0:{}}}]]></wp:meta_value>
  </wp:postmeta>
</item>
<item>
  <title><![CDATA[Placeholder Image]]></title>
  <link>https://foodrecipeshouse.wordpress.com/?attachment_id=13</link>
  <pubDate>Thu, 25 May 2023 11:14:01 +0000</pubDate>
  <dc:creator>olegmavromati</dc:creator>
  <guid isPermaLink="false">http://foodrecipeshouse.files.wordpress.com/2023/05/mountains_landscape-2.jpeg</guid>
  <description/>
  <content:encoded><![CDATA[]]></content:encoded>
  <excerpt:encoded><![CDATA[]]></excerpt:encoded>
  <wp:post_id>13</wp:post_id>
  <wp:post_date>2023-05-25 14:14:01</wp:post_date>
  <wp:post_date_gmt>2023-05-25 11:14:01</wp:post_date_gmt>
  <wp:post_modified>2023-05-25 14:14:01</wp:post_modified>
  <wp:post_modified_gmt>2023-05-25 11:14:01</wp:post_modified_gmt>
  <wp:comment_status>open</wp:comment_status>
  <wp:ping_status>closed</wp:ping_status>
  <wp:post_name>placeholder-image-3</wp:post_name>
  <wp:status>inherit</wp:status>
  <wp:post_parent>9</wp:post_parent>
  <wp:menu_order>0</wp:menu_order>
  <wp:post_type>attachment</wp:post_type>
  <wp:post_password/>
  <wp:is_sticky>0</wp:is_sticky>
  <wp:attachment_url>https://foodrecipeshouse.files.wordpress.com/2023/05/mountains_landscape-2.jpeg</wp:attachment_url>
  <wp:postmeta>
    <wp:meta_key>_wp_attached_file</wp:meta_key>
    <wp:meta_value><![CDATA[/home/wpcom/public_html/wp-content/blogs.dir/c08/219420880/files/2023/05/mountains_landscape-2.jpeg]]></wp:meta_value>
  </wp:postmeta>
  <wp:postmeta>
    <wp:meta_key>_wp_attachment_metadata</wp:meta_key>
    <wp:meta_value><![CDATA[a:6:{s:5:"width";i:1200;s:6:"height";i:800;s:4:"file";s:99:"/home/wpcom/public_html/wp-content/blogs.dir/c08/219420880/files/2023/05/mountains_landscape-2.jpeg";s:8:"filesize";i:132375;s:5:"sizes";a:0:{}s:10:"image_meta";a:12:{s:8:"aperture";s:1:"0";s:6:"credit";s:0:"";s:6:"camera";s:0:"";s:7:"caption";s:0:"";s:17:"created_timestamp";s:1:"0";s:9:"copyright";s:0:"";s:12:"focal_length";s:1:"0";s:3:"iso";s:1:"0";s:13:"shutter_speed";s:1:"0";s:5:"title";s:0:"";s:11:"orientation";s:1:"0";s:8:"keywords";a:0:{}}}]]></wp:meta_value>
  </wp:postmeta>
</item>
<item>
  <title><![CDATA[Placeholder Image]]></title>
  <link>https://foodrecipeshouse.wordpress.com/?attachment_id=14</link>
  <pubDate>Thu, 25 May 2023 11:14:01 +0000</pubDate>
  <dc:creator>olegmavromati</dc:creator>
  <guid isPermaLink="false">http://foodrecipeshouse.files.wordpress.com/2023/05/mountains_landscape-3.jpeg</guid>
  <description/>
  <content:encoded><![CDATA[]]></content:encoded>
  <excerpt:encoded><![CDATA[]]></excerpt:encoded>
  <wp:post_id>14</wp:post_id>
  <wp:post_date>2023-05-25 14:14:01</wp:post_date>
  <wp:post_date_gmt>2023-05-25 11:14:01</wp:post_date_gmt>
  <wp:post_modified>2023-05-25 14:14:01</wp:post_modified>
  <wp:post_modified_gmt>2023-05-25 11:14:01</wp:post_modified_gmt>
  <wp:comment_status>open</wp:comment_status>
  <wp:ping_status>closed</wp:ping_status>
  <wp:post_name>placeholder-image-4</wp:post_name>
  <wp:status>inherit</wp:status>
  <wp:post_parent>10</wp:post_parent>
  <wp:menu_order>0</wp:menu_order>
  <wp:post_type>attachment</wp:post_type>
  <wp:post_password/>
  <wp:is_sticky>0</wp:is_sticky>
  <wp:attachment_url>https://foodrecipeshouse.files.wordpress.com/2023/05/mountains_landscape-3.jpeg</wp:attachment_url>
  <wp:postmeta>
    <wp:meta_key>_wp_attached_file</wp:meta_key>
    <wp:meta_value><![CDATA[/home/wpcom/public_html/wp-content/blogs.dir/c08/219420880/files/2023/05/mountains_landscape-3.jpeg]]></wp:meta_value>
  </wp:postmeta>
  <wp:postmeta>
    <wp:meta_key>_wp_attachment_metadata</wp:meta_key>
    <wp:meta_value><![CDATA[a:6:{s:5:"width";i:1200;s:6:"height";i:800;s:4:"file";s:99:"/home/wpcom/public_html/wp-content/blogs.dir/c08/219420880/files/2023/05/mountains_landscape-3.jpeg";s:8:"filesize";i:132375;s:5:"sizes";a:0:{}s:10:"image_meta";a:12:{s:8:"aperture";s:1:"0";s:6:"credit";s:0:"";s:6:"camera";s:0:"";s:7:"caption";s:0:"";s:17:"created_timestamp";s:1:"0";s:9:"copyright";s:0:"";s:12:"focal_length";s:1:"0";s:3:"iso";s:1:"0";s:13:"shutter_speed";s:1:"0";s:5:"title";s:0:"";s:11:"orientation";s:1:"0";s:8:"keywords";a:0:{}}}]]></wp:meta_value>
  </wp:postmeta>
</item>
<item>
  <title><![CDATA[767277]]></title>
  <link>https://foodrecipeshouse.wordpress.com/767277/</link>
  <pubDate>Thu, 25 May 2023 11:18:37 +0000</pubDate>
  <dc:creator>olegmavromati</dc:creator>
  <guid isPermaLink="false">http://foodrecipeshouse.files.wordpress.com/2023/05/767277.jpg</guid>
  <description/>
  <content:encoded><![CDATA[]]></content:encoded>
  <excerpt:encoded><![CDATA[]]></excerpt:encoded>
  <wp:post_id>15</wp:post_id>
  <wp:post_date>2023-05-25 14:18:37</wp:post_date>
  <wp:post_date_gmt>2023-05-25 11:18:37</wp:post_date_gmt>
  <wp:post_modified>2023-05-25 14:18:37</wp:post_modified>
  <wp:post_modified_gmt>2023-05-25 11:18:37</wp:post_modified_gmt>
  <wp:comment_status>open</wp:comment_status>
  <wp:ping_status>closed</wp:ping_status>
  <wp:post_name>767277</wp:post_name>
  <wp:status>inherit</wp:status>
  <wp:post_parent>0</wp:post_parent>
  <wp:menu_order>0</wp:menu_order>
  <wp:post_type>attachment</wp:post_type>
  <wp:post_password/>
  <wp:is_sticky>0</wp:is_sticky>
  <wp:attachment_url>https://foodrecipeshouse.files.wordpress.com/2023/05/767277.jpg</wp:attachment_url>
  <wp:postmeta>
    <wp:meta_key>_wp_attached_file</wp:meta_key>
    <wp:meta_value><![CDATA[/home/wpcom/public_html/wp-content/blogs.dir/c08/219420880/files/2023/05/767277.jpg]]></wp:meta_value>
  </wp:postmeta>
  <wp:postmeta>
    <wp:meta_key>_wp_attachment_metadata</wp:meta_key>
    <wp:meta_value><![CDATA[a:6:{s:5:"width";i:3840;s:6:"height";i:2160;s:4:"file";s:83:"/home/wpcom/public_html/wp-content/blogs.dir/c08/219420880/files/2023/05/767277.jpg";s:8:"filesize";i:1555472;s:5:"sizes";a:0:{}s:10:"image_meta";a:12:{s:8:"aperture";s:1:"0";s:6:"credit";s:0:"";s:6:"camera";s:0:"";s:7:"caption";s:0:"";s:17:"created_timestamp";s:1:"0";s:9:"copyright";s:0:"";s:12:"focal_length";s:1:"0";s:3:"iso";s:1:"0";s:13:"shutter_speed";s:1:"0";s:5:"title";s:0:"";s:11:"orientation";s:1:"0";s:8:"keywords";a:0:{}}}]]></wp:meta_value>
  </wp:postmeta>
</item>
<item>
  <title><![CDATA[logo]]></title>
  <link>https://foodrecipeshouse.wordpress.com/66348/</link>
  <pubDate>Thu, 25 May 2023 11:40:17 +0000</pubDate>
  <dc:creator>olegmavromati</dc:creator>
  <guid isPermaLink="false">http://foodrecipeshouse.files.wordpress.com/2023/05/66348.png</guid>
  <description/>
  <content:encoded><![CDATA[]]></content:encoded>
  <excerpt:encoded><![CDATA[]]></excerpt:encoded>
  <wp:post_id>16</wp:post_id>
  <wp:post_date>2023-05-25 14:40:17</wp:post_date>
  <wp:post_date_gmt>2023-05-25 11:40:17</wp:post_date_gmt>
  <wp:post_modified>2023-05-25 14:40:28</wp:post_modified>
  <wp:post_modified_gmt>2023-05-25 11:40:28</wp:post_modified_gmt>
  <wp:comment_status>open</wp:comment_status>
  <wp:ping_status>closed</wp:ping_status>
  <wp:post_name>66348</wp:post_name>
  <wp:status>inherit</wp:status>
  <wp:post_parent>0</wp:post_parent>
  <wp:menu_order>0</wp:menu_order>
  <wp:post_type>attachment</wp:post_type>
  <wp:post_password/>
  <wp:is_sticky>0</wp:is_sticky>
  <wp:attachment_url>https://foodrecipeshouse.files.wordpress.com/2023/05/66348.png</wp:attachment_url>
  <wp:postmeta>
    <wp:meta_key>_wp_attached_file</wp:meta_key>
    <wp:meta_value><![CDATA[/home/wpcom/public_html/wp-content/blogs.dir/c08/219420880/files/2023/05/66348.png]]></wp:meta_value>
  </wp:postmeta>
  <wp:postmeta>
    <wp:meta_key>_wp_attachment_metadata</wp:meta_key>
    <wp:meta_value><![CDATA[a:6:{s:5:"width";i:512;s:6:"height";i:512;s:4:"file";s:82:"/home/wpcom/public_html/wp-content/blogs.dir/c08/219420880/files/2023/05/66348.png";s:8:"filesize";i:15022;s:5:"sizes";a:0:{}s:10:"image_meta";a:12:{s:8:"aperture";s:1:"0";s:6:"credit";s:0:"";s:6:"camera";s:0:"";s:7:"caption";s:0:"";s:17:"created_timestamp";s:1:"0";s:9:"copyright";s:0:"";s:12:"focal_length";s:1:"0";s:3:"iso";s:1:"0";s:13:"shutter_speed";s:1:"0";s:5:"title";s:0:"";s:11:"orientation";s:1:"0";s:8:"keywords";a:0:{}}}]]></wp:meta_value>
  </wp:postmeta>
</item>
<item>
  <title><![CDATA[3quale-pasta-scegliere-per-la-pasta-ai-4-formaggi]]></title>
  <link>https://foodrecipeshouse.wordpress.com/3quale-pasta-scegliere-per-la-pasta-ai-4-formaggi/</link>
  <pubDate>Thu, 25 May 2023 11:45:13 +0000</pubDate>
  <dc:creator>olegmavromati</dc:creator>
  <guid isPermaLink="false">http://foodrecipeshouse.files.wordpress.com/2023/05/3quale-pasta-scegliere-per-la-pasta-ai-4-formaggi.jpg</guid>
  <description/>
  <content:encoded><![CDATA[]]></content:encoded>
  <excerpt:encoded><![CDATA[]]></excerpt:encoded>
  <wp:post_id>17</wp:post_id>
  <wp:post_date>2023-05-25 14:45:13</wp:post_date>
  <wp:post_date_gmt>2023-05-25 11:45:13</wp:post_date_gmt>
  <wp:post_modified>2023-05-25 14:45:13</wp:post_modified>
  <wp:post_modified_gmt>2023-05-25 11:45:13</wp:post_modified_gmt>
  <wp:comment_status>open</wp:comment_status>
  <wp:ping_status>closed</wp:ping_status>
  <wp:post_name>3quale-pasta-scegliere-per-la-pasta-ai-4-formaggi</wp:post_name>
  <wp:status>inherit</wp:status>
  <wp:post_parent>0</wp:post_parent>
  <wp:menu_order>0</wp:menu_order>
  <wp:post_type>attachment</wp:post_type>
  <wp:post_password/>
  <wp:is_sticky>0</wp:is_sticky>
  <wp:attachment_url>https://foodrecipeshouse.files.wordpress.com/2023/05/3quale-pasta-scegliere-per-la-pasta-ai-4-formaggi.jpg</wp:attachment_url>
  <wp:postmeta>
    <wp:meta_key>_wp_attached_file</wp:meta_key>
    <wp:meta_value><![CDATA[/home/wpcom/public_html/wp-content/blogs.dir/c08/219420880/files/2023/05/3quale-pasta-scegliere-per-la-pasta-ai-4-formaggi.jpg]]></wp:meta_value>
  </wp:postmeta>
  <wp:postmeta>
    <wp:meta_key>_wp_attachment_metadata</wp:meta_key>
    <wp:meta_value><![CDATA[a:6:{s:5:"width";i:700;s:6:"height";i:467;s:4:"file";s:126:"/home/wpcom/public_html/wp-content/blogs.dir/c08/219420880/files/2023/05/3quale-pasta-scegliere-per-la-pasta-ai-4-formaggi.jpg";s:8:"filesize";i:115978;s:5:"sizes";a:0:{}s:10:"image_meta";a:12:{s:8:"aperture";s:1:"0";s:6:"credit";s:0:"";s:6:"camera";s:0:"";s:7:"caption";s:0:"";s:17:"created_timestamp";s:1:"0";s:9:"copyright";s:28:"©alex9500 - stock.adobe.com";s:12:"focal_length";s:1:"0";s:3:"iso";s:1:"0";s:13:"shutter_speed";s:1:"0";s:5:"title";s:0:"";s:11:"orientation";s:1:"0";s:8:"keywords";a:0:{}}}]]></wp:meta_value>
  </wp:postmeta>
</item>
<item>
  <title><![CDATA[2quali-formaggi-usare-per-la-pasta-ai-4-formaggi]]></title>
  <link>https://foodrecipeshouse.wordpress.com/2quali-formaggi-usare-per-la-pasta-ai-4-formaggi/</link>
  <pubDate>Thu, 25 May 2023 11:45:14 +0000</pubDate>
  <dc:creator>olegmavromati</dc:creator>
  <guid isPermaLink="false">http://foodrecipeshouse.files.wordpress.com/2023/05/2quali-formaggi-usare-per-la-pasta-ai-4-formaggi.webp</guid>
  <description/>
  <content:encoded><![CDATA[]]></content:encoded>
  <excerpt:encoded><![CDATA[]]></excerpt:encoded>
  <wp:post_id>18</wp:post_id>
  <wp:post_date>2023-05-25 14:45:14</wp:post_date>
  <wp:post_date_gmt>2023-05-25 11:45:14</wp:post_date_gmt>
  <wp:post_modified>2023-05-25 14:45:14</wp:post_modified>
  <wp:post_modified_gmt>2023-05-25 11:45:14</wp:post_modified_gmt>
  <wp:comment_status>open</wp:comment_status>
  <wp:ping_status>closed</wp:ping_status>
  <wp:post_name>2quali-formaggi-usare-per-la-pasta-ai-4-formaggi</wp:post_name>
  <wp:status>inherit</wp:status>
  <wp:post_parent>0</wp:post_parent>
  <wp:menu_order>0</wp:menu_order>
  <wp:post_type>attachment</wp:post_type>
  <wp:post_password/>
  <wp:is_sticky>0</wp:is_sticky>
  <wp:attachment_url>https://foodrecipeshouse.files.wordpress.com/2023/05/2quali-formaggi-usare-per-la-pasta-ai-4-formaggi.webp</wp:attachment_url>
  <wp:postmeta>
    <wp:meta_key>_wp_attached_file</wp:meta_key>
    <wp:meta_value><![CDATA[/home/wpcom/public_html/wp-content/blogs.dir/c08/219420880/files/2023/05/2quali-formaggi-usare-per-la-pasta-ai-4-formaggi.webp]]></wp:meta_value>
  </wp:postmeta>
  <wp:postmeta>
    <wp:meta_key>_wp_attachment_metadata</wp:meta_key>
    <wp:meta_value><![CDATA[a:6:{s:5:"width";i:700;s:6:"height";i:467;s:4:"file";s:126:"/home/wpcom/public_html/wp-content/blogs.dir/c08/219420880/files/2023/05/2quali-formaggi-usare-per-la-pasta-ai-4-formaggi.webp";s:8:"filesize";i:41778;s:5:"sizes";a:0:{}s:10:"image_meta";a:12:{s:8:"aperture";s:1:"0";s:6:"credit";s:0:"";s:6:"camera";s:0:"";s:7:"caption";s:0:"";s:17:"created_timestamp";s:1:"0";s:9:"copyright";s:0:"";s:12:"focal_length";s:1:"0";s:3:"iso";s:1:"0";s:13:"shutter_speed";s:1:"0";s:5:"title";s:0:"";s:11:"orientation";s:1:"0";s:8:"keywords";a:0:{}}}]]></wp:meta_value>
  </wp:postmeta>
</item>
<item>
  <title><![CDATA[1come-preparare-la-pasta-ai-4-formaggi]]></title>
  <link>https://foodrecipeshouse.wordpress.com/1come-preparare-la-pasta-ai-4-formaggi/</link>
  <pubDate>Thu, 25 May 2023 11:45:16 +0000</pubDate>
  <dc:creator>olegmavromati</dc:creator>
  <guid isPermaLink="false">http://foodrecipeshouse.files.wordpress.com/2023/05/1come-preparare-la-pasta-ai-4-formaggi.jpg</guid>
  <description/>
  <content:encoded><![CDATA[]]></content:encoded>
  <excerpt:encoded><![CDATA[]]></excerpt:encoded>
  <wp:post_id>19</wp:post_id>
  <wp:post_date>2023-05-25 14:45:16</wp:post_date>
  <wp:post_date_gmt>2023-05-25 11:45:16</wp:post_date_gmt>
  <wp:post_modified>2023-05-25 14:45:16</wp:post_modified>
  <wp:post_modified_gmt>2023-05-25 11:45:16</wp:post_modified_gmt>
  <wp:comment_status>open</wp:comment_status>
  <wp:ping_status>closed</wp:ping_status>
  <wp:post_name>1come-preparare-la-pasta-ai-4-formaggi</wp:post_name>
  <wp:status>inherit</wp:status>
  <wp:post_parent>0</wp:post_parent>
  <wp:menu_order>0</wp:menu_order>
  <wp:post_type>attachment</wp:post_type>
  <wp:post_password/>
  <wp:is_sticky>0</wp:is_sticky>
  <wp:attachment_url>https://foodrecipeshouse.files.wordpress.com/2023/05/1come-preparare-la-pasta-ai-4-formaggi.jpg</wp:attachment_url>
  <wp:postmeta>
    <wp:meta_key>_wp_attached_file</wp:meta_key>
    <wp:meta_value><![CDATA[/home/wpcom/public_html/wp-content/blogs.dir/c08/219420880/files/2023/05/1come-preparare-la-pasta-ai-4-formaggi.jpg]]></wp:meta_value>
  </wp:postmeta>
  <wp:postmeta>
    <wp:meta_key>_wp_attachment_metadata</wp:meta_key>
    <wp:meta_value><![CDATA[a:6:{s:5:"width";i:700;s:6:"height";i:467;s:4:"file";s:115:"/home/wpcom/public_html/wp-content/blogs.dir/c08/219420880/files/2023/05/1come-preparare-la-pasta-ai-4-formaggi.jpg";s:8:"filesize";i:83464;s:5:"sizes";a:0:{}s:10:"image_meta";a:12:{s:8:"aperture";s:1:"0";s:6:"credit";s:0:"";s:6:"camera";s:0:"";s:7:"caption";s:0:"";s:17:"created_timestamp";s:1:"0";s:9:"copyright";s:27:"©Ryzhkov - stock.adobe.com";s:12:"focal_length";s:1:"0";s:3:"iso";s:1:"0";s:13:"shutter_speed";s:1:"0";s:5:"title";s:0:"";s:11:"orientation";s:1:"0";s:8:"keywords";a:0:{}}}]]></wp:meta_value>
  </wp:postmeta>
</item>
<item>
  <title><![CDATA[soup3]]></title>
  <link>https://foodrecipeshouse.wordpress.com/soup3/</link>
  <pubDate>Thu, 25 May 2023 11:47:38 +0000</pubDate>
  <dc:creator>olegmavromati</dc:creator>
  <guid isPermaLink="false">http://foodrecipeshouse.files.wordpress.com/2023/05/soup3.webp</guid>
  <description/>
  <content:encoded><![CDATA[]]></content:encoded>
  <excerpt:encoded><![CDATA[]]></excerpt:encoded>
  <wp:post_id>20</wp:post_id>
  <wp:post_date>2023-05-25 14:47:38</wp:post_date>
  <wp:post_date_gmt>2023-05-25 11:47:38</wp:post_date_gmt>
  <wp:post_modified>2023-05-25 14:47:38</wp:post_modified>
  <wp:post_modified_gmt>2023-05-25 11:47:38</wp:post_modified_gmt>
  <wp:comment_status>open</wp:comment_status>
  <wp:ping_status>closed</wp:ping_status>
  <wp:post_name>soup3</wp:post_name>
  <wp:status>inherit</wp:status>
  <wp:post_parent>0</wp:post_parent>
  <wp:menu_order>0</wp:menu_order>
  <wp:post_type>attachment</wp:post_type>
  <wp:post_password/>
  <wp:is_sticky>0</wp:is_sticky>
  <wp:attachment_url>https://foodrecipeshouse.files.wordpress.com/2023/05/soup3.webp</wp:attachment_url>
  <wp:postmeta>
    <wp:meta_key>_wp_attached_file</wp:meta_key>
    <wp:meta_value><![CDATA[/home/wpcom/public_html/wp-content/blogs.dir/c08/219420880/files/2023/05/soup3.webp]]></wp:meta_value>
  </wp:postmeta>
  <wp:postmeta>
    <wp:meta_key>_wp_attachment_metadata</wp:meta_key>
    <wp:meta_value><![CDATA[a:6:{s:5:"width";i:750;s:6:"height";i:500;s:4:"file";s:83:"/home/wpcom/public_html/wp-content/blogs.dir/c08/219420880/files/2023/05/soup3.webp";s:8:"filesize";i:44314;s:5:"sizes";a:0:{}s:10:"image_meta";a:12:{s:8:"aperture";s:1:"0";s:6:"credit";s:0:"";s:6:"camera";s:0:"";s:7:"caption";s:0:"";s:17:"created_timestamp";s:1:"0";s:9:"copyright";s:0:"";s:12:"focal_length";s:1:"0";s:3:"iso";s:1:"0";s:13:"shutter_speed";s:1:"0";s:5:"title";s:0:"";s:11:"orientation";s:1:"0";s:8:"keywords";a:0:{}}}]]></wp:meta_value>
  </wp:postmeta>
</item>
<item>
  <title><![CDATA[soup2]]></title>
  <link>https://foodrecipeshouse.wordpress.com/soup2/</link>
  <pubDate>Thu, 25 May 2023 11:47:39 +0000</pubDate>
  <dc:creator>olegmavromati</dc:creator>
  <guid isPermaLink="false">http://foodrecipeshouse.files.wordpress.com/2023/05/soup2.webp</guid>
  <description/>
  <content:encoded><![CDATA[]]></content:encoded>
  <excerpt:encoded><![CDATA[]]></excerpt:encoded>
  <wp:post_id>21</wp:post_id>
  <wp:post_date>2023-05-25 14:47:39</wp:post_date>
  <wp:post_date_gmt>2023-05-25 11:47:39</wp:post_date_gmt>
  <wp:post_modified>2023-05-25 14:47:39</wp:post_modified>
  <wp:post_modified_gmt>2023-05-25 11:47:39</wp:post_modified_gmt>
  <wp:comment_status>open</wp:comment_status>
  <wp:ping_status>closed</wp:ping_status>
  <wp:post_name>soup2</wp:post_name>
  <wp:status>inherit</wp:status>
  <wp:post_parent>0</wp:post_parent>
  <wp:menu_order>0</wp:menu_order>
  <wp:post_type>attachment</wp:post_type>
  <wp:post_password/>
  <wp:is_sticky>0</wp:is_sticky>
  <wp:attachment_url>https://foodrecipeshouse.files.wordpress.com/2023/05/soup2.webp</wp:attachment_url>
  <wp:postmeta>
    <wp:meta_key>_wp_attached_file</wp:meta_key>
    <wp:meta_value><![CDATA[/home/wpcom/public_html/wp-content/blogs.dir/c08/219420880/files/2023/05/soup2.webp]]></wp:meta_value>
  </wp:postmeta>
  <wp:postmeta>
    <wp:meta_key>_wp_attachment_metadata</wp:meta_key>
    <wp:meta_value><![CDATA[a:6:{s:5:"width";i:750;s:6:"height";i:500;s:4:"file";s:83:"/home/wpcom/public_html/wp-content/blogs.dir/c08/219420880/files/2023/05/soup2.webp";s:8:"filesize";i:30432;s:5:"sizes";a:0:{}s:10:"image_meta";a:12:{s:8:"aperture";s:1:"0";s:6:"credit";s:0:"";s:6:"camera";s:0:"";s:7:"caption";s:0:"";s:17:"created_timestamp";s:1:"0";s:9:"copyright";s:0:"";s:12:"focal_length";s:1:"0";s:3:"iso";s:1:"0";s:13:"shutter_speed";s:1:"0";s:5:"title";s:0:"";s:11:"orientation";s:1:"0";s:8:"keywords";a:0:{}}}]]></wp:meta_value>
  </wp:postmeta>
</item>
<item>
  <title><![CDATA[soup1]]></title>
  <link>https://foodrecipeshouse.wordpress.com/soup1/</link>
  <pubDate>Thu, 25 May 2023 11:47:41 +0000</pubDate>
  <dc:creator>olegmavromati</dc:creator>
  <guid isPermaLink="false">http://foodrecipeshouse.files.wordpress.com/2023/05/soup1.webp</guid>
  <description/>
  <content:encoded><![CDATA[]]></content:encoded>
  <excerpt:encoded><![CDATA[]]></excerpt:encoded>
  <wp:post_id>22</wp:post_id>
  <wp:post_date>2023-05-25 14:47:41</wp:post_date>
  <wp:post_date_gmt>2023-05-25 11:47:41</wp:post_date_gmt>
  <wp:post_modified>2023-05-25 14:47:41</wp:post_modified>
  <wp:post_modified_gmt>2023-05-25 11:47:41</wp:post_modified_gmt>
  <wp:comment_status>open</wp:comment_status>
  <wp:ping_status>closed</wp:ping_status>
  <wp:post_name>soup1</wp:post_name>
  <wp:status>inherit</wp:status>
  <wp:post_parent>0</wp:post_parent>
  <wp:menu_order>0</wp:menu_order>
  <wp:post_type>attachment</wp:post_type>
  <wp:post_password/>
  <wp:is_sticky>0</wp:is_sticky>
  <wp:attachment_url>https://foodrecipeshouse.files.wordpress.com/2023/05/soup1.webp</wp:attachment_url>
  <wp:postmeta>
    <wp:meta_key>_wp_attached_file</wp:meta_key>
    <wp:meta_value><![CDATA[/home/wpcom/public_html/wp-content/blogs.dir/c08/219420880/files/2023/05/soup1.webp]]></wp:meta_value>
  </wp:postmeta>
  <wp:postmeta>
    <wp:meta_key>_wp_attachment_metadata</wp:meta_key>
    <wp:meta_value><![CDATA[a:6:{s:5:"width";i:750;s:6:"height";i:500;s:4:"file";s:83:"/home/wpcom/public_html/wp-content/blogs.dir/c08/219420880/files/2023/05/soup1.webp";s:8:"filesize";i:88704;s:5:"sizes";a:0:{}s:10:"image_meta";a:12:{s:8:"aperture";s:1:"0";s:6:"credit";s:0:"";s:6:"camera";s:0:"";s:7:"caption";s:0:"";s:17:"created_timestamp";s:1:"0";s:9:"copyright";s:0:"";s:12:"focal_length";s:1:"0";s:3:"iso";s:1:"0";s:13:"shutter_speed";s:1:"0";s:5:"title";s:0:"";s:11:"orientation";s:1:"0";s:8:"keywords";a:0:{}}}]]></wp:meta_value>
  </wp:postmeta>
</item>
<item>
  <title><![CDATA[pizza1]]></title>
  <link>https://foodrecipeshouse.wordpress.com/pizza1/</link>
  <pubDate>Thu, 25 May 2023 11:51:44 +0000</pubDate>
  <dc:creator>olegmavromati</dc:creator>
  <guid isPermaLink="false">http://foodrecipeshouse.files.wordpress.com/2023/05/pizza1.jpg</guid>
  <description/>
  <content:encoded><![CDATA[]]></content:encoded>
  <excerpt:encoded><![CDATA[]]></excerpt:encoded>
  <wp:post_id>23</wp:post_id>
  <wp:post_date>2023-05-25 14:51:44</wp:post_date>
  <wp:post_date_gmt>2023-05-25 11:51:44</wp:post_date_gmt>
  <wp:post_modified>2023-05-25 14:51:44</wp:post_modified>
  <wp:post_modified_gmt>2023-05-25 11:51:44</wp:post_modified_gmt>
  <wp:comment_status>open</wp:comment_status>
  <wp:ping_status>closed</wp:ping_status>
  <wp:post_name>pizza1</wp:post_name>
  <wp:status>inherit</wp:status>
  <wp:post_parent>0</wp:post_parent>
  <wp:menu_order>0</wp:menu_order>
  <wp:post_type>attachment</wp:post_type>
  <wp:post_password/>
  <wp:is_sticky>0</wp:is_sticky>
  <wp:attachment_url>https://foodrecipeshouse.files.wordpress.com/2023/05/pizza1.jpg</wp:attachment_url>
  <wp:postmeta>
    <wp:meta_key>_wp_attached_file</wp:meta_key>
    <wp:meta_value><![CDATA[/home/wpcom/public_html/wp-content/blogs.dir/c08/219420880/files/2023/05/pizza1.jpg]]></wp:meta_value>
  </wp:postmeta>
  <wp:postmeta>
    <wp:meta_key>_wp_attachment_metadata</wp:meta_key>
    <wp:meta_value><![CDATA[a:6:{s:5:"width";i:1024;s:6:"height";i:819;s:4:"file";s:83:"/home/wpcom/public_html/wp-content/blogs.dir/c08/219420880/files/2023/05/pizza1.jpg";s:8:"filesize";i:194714;s:5:"sizes";a:0:{}s:10:"image_meta";a:12:{s:8:"aperture";s:1:"0";s:6:"credit";s:0:"";s:6:"camera";s:0:"";s:7:"caption";s:0:"";s:17:"created_timestamp";s:1:"0";s:9:"copyright";s:0:"";s:12:"focal_length";s:1:"0";s:3:"iso";s:1:"0";s:13:"shutter_speed";s:1:"0";s:5:"title";s:0:"";s:11:"orientation";s:1:"0";s:8:"keywords";a:0:{}}}]]></wp:meta_value>
  </wp:postmeta>
</item>
<item>
  <title><![CDATA[pizza]]></title>
  <link>https://foodrecipeshouse.wordpress.com/pizza/</link>
  <pubDate>Thu, 25 May 2023 11:52:32 +0000</pubDate>
  <dc:creator>olegmavromati</dc:creator>
  <guid isPermaLink="false">http://foodrecipeshouse.files.wordpress.com/2023/05/pizza.webp</guid>
  <description/>
  <content:encoded><![CDATA[]]></content:encoded>
  <excerpt:encoded><![CDATA[]]></excerpt:encoded>
  <wp:post_id>24</wp:post_id>
  <wp:post_date>2023-05-25 14:52:32</wp:post_date>
  <wp:post_date_gmt>2023-05-25 11:52:32</wp:post_date_gmt>
  <wp:post_modified>2023-05-25 14:52:32</wp:post_modified>
  <wp:post_modified_gmt>2023-05-25 11:52:32</wp:post_modified_gmt>
  <wp:comment_status>open</wp:comment_status>
  <wp:ping_status>closed</wp:ping_status>
  <wp:post_name>pizza</wp:post_name>
  <wp:status>inherit</wp:status>
  <wp:post_parent>0</wp:post_parent>
  <wp:menu_order>0</wp:menu_order>
  <wp:post_type>attachment</wp:post_type>
  <wp:post_password/>
  <wp:is_sticky>0</wp:is_sticky>
  <wp:attachment_url>https://foodrecipeshouse.files.wordpress.com/2023/05/pizza.webp</wp:attachment_url>
  <wp:postmeta>
    <wp:meta_key>_wp_attached_file</wp:meta_key>
    <wp:meta_value><![CDATA[/home/wpcom/public_html/wp-content/blogs.dir/c08/219420880/files/2023/05/pizza.webp]]></wp:meta_value>
  </wp:postmeta>
  <wp:postmeta>
    <wp:meta_key>_wp_attachment_metadata</wp:meta_key>
    <wp:meta_value><![CDATA[a:6:{s:5:"width";i:735;s:6:"height";i:509;s:4:"file";s:83:"/home/wpcom/public_html/wp-content/blogs.dir/c08/219420880/files/2023/05/pizza.webp";s:8:"filesize";i:61410;s:5:"sizes";a:0:{}s:10:"image_meta";a:12:{s:8:"aperture";s:1:"0";s:6:"credit";s:0:"";s:6:"camera";s:0:"";s:7:"caption";s:0:"";s:17:"created_timestamp";s:1:"0";s:9:"copyright";s:0:"";s:12:"focal_length";s:1:"0";s:3:"iso";s:1:"0";s:13:"shutter_speed";s:1:"0";s:5:"title";s:0:"";s:11:"orientation";s:1:"0";s:8:"keywords";a:0:{}}}]]></wp:meta_value>
  </wp:postmeta>
</item>
<item>
  <title><![CDATA[d0b6d0b0d0ba]]></title>
  <link>https://foodrecipeshouse.wordpress.com/d0b6d0b0d0ba/</link>
  <pubDate>Thu, 25 May 2023 11:56:22 +0000</pubDate>
  <dc:creator>olegmavromati</dc:creator>
  <guid isPermaLink="false">http://foodrecipeshouse.files.wordpress.com/2023/05/d0b6d0b0d0ba.jpg</guid>
  <description/>
  <content:encoded><![CDATA[]]></content:encoded>
  <excerpt:encoded><![CDATA[]]></excerpt:encoded>
  <wp:post_id>25</wp:post_id>
  <wp:post_date>2023-05-25 14:56:22</wp:post_date>
  <wp:post_date_gmt>2023-05-25 11:56:22</wp:post_date_gmt>
  <wp:post_modified>2023-05-25 14:56:22</wp:post_modified>
  <wp:post_modified_gmt>2023-05-25 11:56:22</wp:post_modified_gmt>
  <wp:comment_status>open</wp:comment_status>
  <wp:ping_status>closed</wp:ping_status>
  <wp:post_name>d0b6d0b0d0ba</wp:post_name>
  <wp:status>inherit</wp:status>
  <wp:post_parent>0</wp:post_parent>
  <wp:menu_order>0</wp:menu_order>
  <wp:post_type>attachment</wp:post_type>
  <wp:post_password/>
  <wp:is_sticky>0</wp:is_sticky>
  <wp:attachment_url>https://foodrecipeshouse.files.wordpress.com/2023/05/d0b6d0b0d0ba.jpg</wp:attachment_url>
  <wp:postmeta>
    <wp:meta_key>_wp_attached_file</wp:meta_key>
    <wp:meta_value><![CDATA[/home/wpcom/public_html/wp-content/blogs.dir/c08/219420880/files/2023/05/d0b6d0b0d0ba.jpg]]></wp:meta_value>
  </wp:postmeta>
  <wp:postmeta>
    <wp:meta_key>_wp_attachment_metadata</wp:meta_key>
    <wp:meta_value><![CDATA[a:6:{s:5:"width";i:1000;s:6:"height";i:745;s:4:"file";s:89:"/home/wpcom/public_html/wp-content/blogs.dir/c08/219420880/files/2023/05/d0b6d0b0d0ba.jpg";s:8:"filesize";i:279705;s:5:"sizes";a:0:{}s:10:"image_meta";a:12:{s:8:"aperture";s:1:"0";s:6:"credit";s:0:"";s:6:"camera";s:0:"";s:7:"caption";s:0:"";s:17:"created_timestamp";s:1:"0";s:9:"copyright";s:0:"";s:12:"focal_length";s:1:"0";s:3:"iso";s:1:"0";s:13:"shutter_speed";s:1:"0";s:5:"title";s:0:"";s:11:"orientation";s:1:"0";s:8:"keywords";a:0:{}}}]]></wp:meta_value>
  </wp:postmeta>
</item>
<item>
  <title><![CDATA[Навигация]]></title>
  <link>https://foodrecipeshouse.wordpress.com/2023/05/25/navigation/</link>
  <pubDate>Thu, 25 May 2023 12:11:25 +0000</pubDate>
  <dc:creator>olegmavromati</dc:creator>
  <guid isPermaLink="false">https://foodrecipeshouse.wordpress.com/2023/05/25/navigation/</guid>
  <description/>
  <content:encoded><![CDATA[<!-- wp:page-list /-->]]></content:encoded>
  <excerpt:encoded><![CDATA[]]></excerpt:encoded>
  <wp:post_id>27</wp:post_id>
  <wp:post_date>2023-05-25 15:11:25</wp:post_date>
  <wp:post_date_gmt>2023-05-25 12:11:25</wp:post_date_gmt>
  <wp:post_modified>2023-05-25 15:11:25</wp:post_modified>
  <wp:post_modified_gmt>2023-05-25 12:11:25</wp:post_modified_gmt>
  <wp:comment_status>closed</wp:comment_status>
  <wp:ping_status>closed</wp:ping_status>
  <wp:post_name>navigation</wp:post_name>
  <wp:status>publish</wp:status>
  <wp:post_parent>0</wp:post_parent>
  <wp:menu_order>0</wp:menu_order>
  <wp:post_type>wp_navigation</wp:post_type>
  <wp:post_password/>
  <wp:is_sticky>0</wp:is_sticky>
  <wp:postmeta>
    <wp:meta_key>_publicize_pending</wp:meta_key>
    <wp:meta_value><![CDATA[1]]></wp:meta_value>
  </wp:postmeta>
</item>
<item>
  <title><![CDATA[]]></title>
  <link>https://foodrecipeshouse.wordpress.com/?page_id=29</link>
  <pubDate/>
  <dc:creator>olegmavromati</dc:creator>
  <guid isPermaLink="false">https://foodrecipeshouse.wordpress.com/?page_id=29</guid>
  <description/>
  <content:encoded><![CDATA[<!-- wp:group {"align":"full","layout":{"contentSize":"360px","type":"constrained"}} -->
<div class="wp-block-group alignfull"><!-- wp:site-logo {"width":120,"shouldSyncIcon":false,"align":"center","className":"is-style-rounded"} /-->

<!-- wp:site-title {"textAlign":"center","style":{"typography":{"fontStyle":"normal","fontWeight":"700","lineHeight":"1.3"}},"fontSize":"x-large"} /-->

<!-- wp:group {"style":{"spacing":{"blockGap":"40px"}}} -->
<div class="wp-block-group"><!-- wp:site-tagline {"textAlign":"center","fontSize":"small"} /-->

<!-- wp:jetpack/subscriptions {"buttonBackgroundColor":"primary","textColor":"background","borderRadius":50,"borderColor":"primary","className":"is-style-compact"} /--></div>
<!-- /wp:group -->

<!-- wp:spacer -->
<div style="height:100px" aria-hidden="true" class="wp-block-spacer"></div>
<!-- /wp:spacer -->

<!-- wp:paragraph {"align":"center","fontSize":"small"} -->
<p class="has-text-align-center has-small-font-size"><a href="#posts">Читать все записи ↓</a></p>
<!-- /wp:paragraph --></div>
<!-- /wp:group -->

<!-- wp:group {"tagName":"main","align":"full","layout":{"contentSize":"1000px","type":"constrained"},"anchor":"posts"} -->
<main class="wp-block-group alignfull" id="posts"><!-- wp:query {"queryId":0,"query":{"pages":0,"offset":0,"postType":"post","order":"desc","orderBy":"date","author":"","search":"","exclude":[],"sticky":"","inherit":false,"perPage":3},"displayLayout":{"type":"list"},"align":"wide"} -->
<div class="wp-block-query alignwide"><!-- wp:post-template -->
<!-- wp:separator {"opacity":"css","backgroundColor":"tertiary","className":"is-style-wide"} -->
<hr class="wp-block-separator has-text-color has-tertiary-color has-css-opacity has-tertiary-background-color has-background is-style-wide" />
<!-- /wp:separator -->

<!-- wp:cover {"customOverlayColor":"rgba(0,0,0,0)","minHeight":178,"style":{"spacing":{"padding":{"top":"0px","right":"0px","bottom":"0px","left":"0px"}}}} -->
<div class="wp-block-cover" style="padding-top:0px;padding-right:0px;padding-bottom:0px;padding-left:0px;min-height:178px"><span aria-hidden="true" class="wp-block-cover__background has-background-dim-100 has-background-dim" style="background-color:rgba(0,0,0,0)"></span><div class="wp-block-cover__inner-container"><!-- wp:columns {"verticalAlignment":"center","align":"wide","style":{"spacing":{"padding":{"top":"0px","right":"0px","bottom":"0px","left":"0px"},"margin":{"top":"var( \u002d\u002dwp\u002d\u002dstyle\u002d\u002dblock-gap )","bottom":"0.5em"}},"elements":{"link":{"color":{"text":"var:preset|color|foreground"}}}},"textColor":"foreground"} -->
<div class="wp-block-columns alignwide are-vertically-aligned-center has-foreground-color has-text-color has-link-color" style="margin-top:var( --wp--style--block-gap );margin-bottom:0.5em;padding-top:0px;padding-right:0px;padding-bottom:0px;padding-left:0px"><!-- wp:column {"verticalAlignment":"center","width":"10%"} -->
<div class="wp-block-column is-vertically-aligned-center" style="flex-basis:10%"><!-- wp:post-date {"format":"M j","style":{"typography":{"textTransform":"uppercase"}},"fontSize":"small"} /--></div>
<!-- /wp:column -->

<!-- wp:column {"verticalAlignment":"center","width":"70%","style":{"spacing":{"padding":{"top":"0px","right":"0px","bottom":"0px","left":"0px"}}}} -->
<div class="wp-block-column is-vertically-aligned-center" style="padding-top:0px;padding-right:0px;padding-bottom:0px;padding-left:0px;flex-basis:70%"><!-- wp:post-title {"textAlign":"left","isLink":true,"style":{"typography":{"fontSize":"xx-large","fontStyle":"normal","fontWeight":"700","lineHeight":"1.3"},"spacing":{"margin":{"top":"0px","bottom":"0px"}}}} /--></div>
<!-- /wp:column -->

<!-- wp:column {"width":"144px"} -->
<div class="wp-block-column" style="flex-basis:144px"><!-- wp:post-featured-image {"isLink":true,"width":"100%","height":"144px","style":{"spacing":{"margin":{"top":"0px","right":"0px","bottom":"0px","left":"0px"}}}} /--></div>
<!-- /wp:column --></div>
<!-- /wp:columns --></div></div>
<!-- /wp:cover -->
<!-- /wp:post-template -->

<!-- wp:separator {"opacity":"css","backgroundColor":"tertiary","className":"is-style-wide"} -->
<hr class="wp-block-separator has-text-color has-tertiary-color has-css-opacity has-tertiary-background-color has-background is-style-wide" />
<!-- /wp:separator -->

<!-- wp:spacer {"height":"5px"} -->
<div style="height:5px" aria-hidden="true" class="wp-block-spacer"></div>
<!-- /wp:spacer -->

<!-- wp:query-pagination {"layout":{"type":"flex","justifyContent":"space-between"}} -->
<!-- wp:query-pagination-previous {"fontSize":"small"} /-->

<!-- wp:query-pagination-next {"fontSize":"small"} /-->
<!-- /wp:query-pagination --></div>
<!-- /wp:query --></main>
<!-- /wp:group -->]]></content:encoded>
  <excerpt:encoded><![CDATA[]]></excerpt:encoded>
  <wp:post_id>29</wp:post_id>
  <wp:post_date>2023-05-25 15:21:48</wp:post_date>
  <wp:post_date_gmt>0000-00-00 00:00:00</wp:post_date_gmt>
  <wp:post_modified>2023-05-25 15:21:48</wp:post_modified>
  <wp:post_modified_gmt>2023-05-25 12:21:48</wp:post_modified_gmt>
  <wp:comment_status>closed</wp:comment_status>
  <wp:ping_status>closed</wp:ping_status>
  <wp:post_name/>
  <wp:status>draft</wp:status>
  <wp:post_parent>0</wp:post_parent>
  <wp:menu_order>0</wp:menu_order>
  <wp:post_type>page</wp:post_type>
  <wp:post_password/>
  <wp:is_sticky>0</wp:is_sticky>
  <wp:postmeta>
    <wp:meta_key>_last_editor_used_jetpack</wp:meta_key>
    <wp:meta_value><![CDATA[block-editor]]></wp:meta_value>
  </wp:postmeta>
  <wp:postmeta>
    <wp:meta_key>jetpack_seo_noindex</wp:meta_key>
    <wp:meta_value><![CDATA[]]></wp:meta_value>
  </wp:postmeta>
  <wp:postmeta>
    <wp:meta_key>_jetpack_post_was_ever_published</wp:meta_key>
    <wp:meta_value><![CDATA[]]></wp:meta_value>
  </wp:postmeta>
  <wp:postmeta>
    <wp:meta_key>_starter_page_template</wp:meta_key>
    <wp:meta_value><![CDATA[newsletter-2]]></wp:meta_value>
  </wp:postmeta>
</item>
<item>
  <title><![CDATA[Список рецептів:]]></title>
  <link>https://foodrecipeshouse.wordpress.com/33-2/</link>
  <pubDate>Thu, 25 May 2023 12:36:07 +0000</pubDate>
  <dc:creator>olegmavromati</dc:creator>
  <guid isPermaLink="false">https://foodrecipeshouse.wordpress.com/?page_id=33</guid>
  <description/>
  <content:encoded><![CDATA[<!-- wp:paragraph -->
<p></p>
<!-- /wp:paragraph -->

<!-- wp:query {"queryId":14,"query":{"perPage":6,"pages":0,"offset":0,"postType":"post","order":"desc","orderBy":"date","author":"","search":"","exclude":[],"sticky":"exclude","inherit":false},"displayLayout":{"type":"list","columns":3}} -->
<div class="wp-block-query"><!-- wp:post-template -->
<!-- wp:group {"style":{"spacing":{"padding":{"top":"30px","right":"30px","bottom":"30px","left":"30px"}}},"layout":{"inherit":false}} -->
<div class="wp-block-group" style="padding-top:30px;padding-right:30px;padding-bottom:30px;padding-left:30px"><!-- wp:post-title {"isLink":true} /-->

<!-- wp:post-excerpt /-->

<!-- wp:post-date /--></div>
<!-- /wp:group -->
<!-- /wp:post-template --></div>
<!-- /wp:query -->]]></content:encoded>
  <excerpt:encoded><![CDATA[]]></excerpt:encoded>
  <wp:post_id>33</wp:post_id>
  <wp:post_date>2023-05-25 15:36:07</wp:post_date>
  <wp:post_date_gmt>2023-05-25 12:36:07</wp:post_date_gmt>
  <wp:post_modified>2023-05-25 16:33:16</wp:post_modified>
  <wp:post_modified_gmt>2023-05-25 13:33:16</wp:post_modified_gmt>
  <wp:comment_status>closed</wp:comment_status>
  <wp:ping_status>closed</wp:ping_status>
  <wp:post_name>33-2</wp:post_name>
  <wp:status>publish</wp:status>
  <wp:post_parent>0</wp:post_parent>
  <wp:menu_order>0</wp:menu_order>
  <wp:post_type>page</wp:post_type>
  <wp:post_password/>
  <wp:is_sticky>0</wp:is_sticky>
  <wp:postmeta>
    <wp:meta_key>_last_editor_used_jetpack</wp:meta_key>
    <wp:meta_value><![CDATA[block-editor]]></wp:meta_value>
  </wp:postmeta>
  <wp:postmeta>
    <wp:meta_key>jetpack_seo_noindex</wp:meta_key>
    <wp:meta_value><![CDATA[]]></wp:meta_value>
  </wp:postmeta>
  <wp:postmeta>
    <wp:meta_key>_jetpack_post_was_ever_published</wp:meta_key>
    <wp:meta_value><![CDATA[]]></wp:meta_value>
  </wp:postmeta>
  <wp:postmeta>
    <wp:meta_key>_starter_page_template</wp:meta_key>
    <wp:meta_value><![CDATA[blank]]></wp:meta_value>
  </wp:postmeta>
  <wp:postmeta>
    <wp:meta_key>_publicize_pending</wp:meta_key>
    <wp:meta_value><![CDATA[1]]></wp:meta_value>
  </wp:postmeta>
</item>
<item>
  <title><![CDATA[Сирний крем суп]]></title>
  <link>https://foodrecipeshouse.wordpress.com/2023/05/25/%d1%81%d0%b8%d1%80%d0%bd%d0%b8%d0%b9-%d0%ba%d1%80%d0%b5%d0%bc-%d1%81%d1%83%d0%bf/</link>
  <pubDate>Thu, 25 May 2023 13:22:53 +0000</pubDate>
  <dc:creator>olegmavromati</dc:creator>
  <guid isPermaLink="false">https://foodrecipeshouse.wordpress.com/?p=44</guid>
  <description/>
  <content:encoded><![CDATA[<!-- wp:image {"id":22,"sizeSlug":"large","linkDestination":"none"} -->
<figure class="wp-block-image size-large"><img src="https://foodrecipeshouse.files.wordpress.com/2023/05/soup1.webp?w=750" alt="" class="wp-image-22" /></figure>
<!-- /wp:image -->

<!-- wp:paragraph -->
<p>Інградієнти:</p>
<!-- /wp:paragraph -->

<!-- wp:list -->
<ul><!-- wp:list-item -->
<li>Куряче філе  400г.</li>
<!-- /wp:list-item -->

<!-- wp:list-item -->
<li>Плавлений сир 200г.</li>
<!-- /wp:list-item -->

<!-- wp:list-item -->
<li>Цибуля 1шт.</li>
<!-- /wp:list-item -->

<!-- wp:list-item -->
<li>Часник 2 зубочка</li>
<!-- /wp:list-item -->

<!-- wp:list-item -->
<li>Петрушка за смаком</li>
<!-- /wp:list-item -->

<!-- wp:list-item -->
<li>Курячий бульйон 300мл.</li>
<!-- /wp:list-item -->

<!-- wp:list-item -->
<li>Морква 1шт.</li>
<!-- /wp:list-item -->

<!-- wp:list-item -->
<li>Картопля 1шт.</li>
<!-- /wp:list-item -->

<!-- wp:list-item -->
<li>Сир твердий 80г.</li>
<!-- /wp:list-item --></ul>
<!-- /wp:list -->

<!-- wp:paragraph -->
<p>Приготування:</p>
<!-- /wp:paragraph -->

<!-- wp:list -->
<ul><!-- wp:list-item -->
<li>Цибулю чистимо від лушпиння та дрібно кришимо. Постарайтеся нарізати цибулю якомога меншими шматочками.</li>
<!-- /wp:list-item -->

<!-- wp:list-item -->
<li>Моркву чистимо і нарізаємо дрібними кубиками. Обсмажуємо на олії цибулю разом з морквою. Наприкінці додаємо дрібно нарізаний часник. Зверніть увагу на те, що ми моркву саме нарізали, а не натирали на терці.</li>
<!-- /wp:list-item -->

<!-- wp:list-item -->
<li>У киплячий м'ясний бульйон перекладаємо порізану шматочками картоплю. Також додаємо в каструлю моркву й цибулю, які ми пасерували.</li>
<!-- /wp:list-item -->

<!-- wp:list-item -->
<li>Накриваємо бульйон кришкою і варимо 10 хвилин.</li>
<!-- /wp:list-item -->

<!-- wp:list-item -->
<li>Обсмажуємо курячі грудки. Для цього можна використовувати або звичайну рослинну олію, або оливкову. Тут все залежить від вашого смаку. Якщо хочете, ви також можете протушкувати їх в білому вині.</li>
<!-- /wp:list-item -->

<!-- wp:list-item -->
<li>У суп, який давно кипить, додаємо плавлений сир і тертий твердий сир. Даємо супу прокипіти ще 5 хвилин. Опускаємо в каструлю блендер і перебиваємо суп до стану пюре.</li>
<!-- /wp:list-item -->

<!-- wp:list-item -->
<li>Готовий суп подаємо з курячою грудкою. Смачного.</li>
<!-- /wp:list-item --></ul>
<!-- /wp:list -->]]></content:encoded>
  <excerpt:encoded><![CDATA[]]></excerpt:encoded>
  <wp:post_id>44</wp:post_id>
  <wp:post_date>2023-05-25 16:22:53</wp:post_date>
  <wp:post_date_gmt>2023-05-25 13:22:53</wp:post_date_gmt>
  <wp:post_modified>2023-05-25 16:22:53</wp:post_modified>
  <wp:post_modified_gmt>2023-05-25 13:22:53</wp:post_modified_gmt>
  <wp:comment_status>open</wp:comment_status>
  <wp:ping_status>open</wp:ping_status>
  <wp:post_name>%d1%81%d0%b8%d1%80%d0%bd%d0%b8%d0%b9-%d0%ba%d1%80%d0%b5%d0%bc-%d1%81%d1%83%d0%bf</wp:post_name>
  <wp:status>publish</wp:status>
  <wp:post_parent>0</wp:post_parent>
  <wp:menu_order>0</wp:menu_order>
  <wp:post_type>post</wp:post_type>
  <wp:post_password/>
  <wp:is_sticky>0</wp:is_sticky>
  <category domain="category" nicename="%d0%b1%d0%b5%d0%b7-%d1%80%d1%83%d0%b1%d1%80%d0%b8%d0%ba%d0%b8"><![CDATA[Без рубрики]]></category>
  <wp:postmeta>
    <wp:meta_key>_last_editor_used_jetpack</wp:meta_key>
    <wp:meta_value><![CDATA[block-editor]]></wp:meta_value>
  </wp:postmeta>
  <wp:postmeta>
    <wp:meta_key>timeline_notification</wp:meta_key>
    <wp:meta_value><![CDATA[1685020976]]></wp:meta_value>
  </wp:postmeta>
  <wp:postmeta>
    <wp:meta_key>_publicize_job_id</wp:meta_key>
    <wp:meta_value><![CDATA[84352792098]]></wp:meta_value>
  </wp:postmeta>
  <wp:postmeta>
    <wp:meta_key>wordads_ufa</wp:meta_key>
    <wp:meta_value><![CDATA[s:wpcom-ufa-v3-beta:1685021168]]></wp:meta_value>
  </wp:postmeta>
</item>
<item>
  <title><![CDATA[Сирна паста]]></title>
  <link>https://foodrecipeshouse.wordpress.com/2023/05/25/%d1%81%d0%b8%d1%80%d0%bd%d0%b0-%d0%bf%d0%b0%d1%81%d1%82%d0%b0/</link>
  <pubDate>Thu, 25 May 2023 13:27:48 +0000</pubDate>
  <dc:creator>olegmavromati</dc:creator>
  <guid isPermaLink="false">https://foodrecipeshouse.wordpress.com/?p=54</guid>
  <description/>
  <content:encoded><![CDATA[<!-- wp:image {"id":19,"sizeSlug":"large","linkDestination":"none"} -->
<figure class="wp-block-image size-large"><img src="https://foodrecipeshouse.files.wordpress.com/2023/05/1come-preparare-la-pasta-ai-4-formaggi.jpg?w=700" alt="" class="wp-image-19" /></figure>
<!-- /wp:image -->

<!-- wp:paragraph -->
<p>Інградієнти:</p>
<!-- /wp:paragraph -->

<!-- wp:list -->
<ul><!-- wp:list-item -->
<li>куряче філе - 500 г;</li>
<!-- /wp:list-item -->

<!-- wp:list-item -->
<li>макарони - 250 г;</li>
<!-- /wp:list-item -->

<!-- wp:list-item -->
<li>вершки (20-25% :) - 500 г;</li>
<!-- /wp:list-item -->

<!-- wp:list-item -->
<li>твердий сир - 150 г;</li>
<!-- /wp:list-item -->

<!-- wp:list-item -->
<li>часник - 4 зубчики;</li>
<!-- /wp:list-item -->

<!-- wp:list-item -->
<li>чорний мелений перець - 3 г;</li>
<!-- /wp:list-item -->

<!-- wp:list-item -->
<li>мускатний горіх мелений - 7 г;</li>
<!-- /wp:list-item -->

<!-- wp:list-item -->
<li>базилік листя;</li>
<!-- /wp:list-item -->

<!-- wp:list-item -->
<li>вершкове масло - для обсмажування.</li>
<!-- /wp:list-item --></ul>
<!-- /wp:list -->

<!-- wp:paragraph -->
<p>Приготування:</p>
<!-- /wp:paragraph -->

<!-- wp:list -->
<ul><!-- wp:list-item -->
<li>Одночасно починати готувати соус і поставити воду для макаронів.</li>
<!-- /wp:list-item -->

<!-- wp:list-item -->
<li>Налити вершки в холодну каструлю, поставити на маленький вогонь для підігріву (не перегрівати).</li>
<!-- /wp:list-item -->

<!-- wp:list-item -->
<li>Нарізати курячу грудку і часник.</li>
<!-- /wp:list-item -->

<!-- wp:list-item -->
<li>Натерти на тертці сир, додати до вершків.</li>
<!-- /wp:list-item -->

<!-- wp:list-item -->
<li>Додати у вершково-сирну масу мускатний горіх.</li>
<!-- /wp:list-item -->

<!-- wp:list-item -->
<li>Закинути макарони в киплячу воду і варити до напівготовності, злити воду.</li>
<!-- /wp:list-item -->

<!-- wp:list-item -->
<li>Підсмажити на сковороді з вершковим маслом часник.</li>
<!-- /wp:list-item -->

<!-- wp:list-item -->
<li>Додати макарони, злегка обсмажити.</li>
<!-- /wp:list-item -->

<!-- wp:list-item -->
<li>Додати курку, злегка протушкувати, приправити спеціями.</li>
<!-- /wp:list-item -->

<!-- wp:list-item -->
<li>Залити соусом, вимкнути вогонь.</li>
<!-- /wp:list-item -->

<!-- wp:list-item -->
<li>Дати страві дійти під кришкою.</li>
<!-- /wp:list-item -->

<!-- wp:list-item -->
<li>Розкласти по тарілках, прикрасити листям базиліка.</li>
<!-- /wp:list-item --></ul>
<!-- /wp:list -->]]></content:encoded>
  <excerpt:encoded><![CDATA[]]></excerpt:encoded>
  <wp:post_id>54</wp:post_id>
  <wp:post_date>2023-05-25 16:27:48</wp:post_date>
  <wp:post_date_gmt>2023-05-25 13:27:48</wp:post_date_gmt>
  <wp:post_modified>2023-05-25 16:27:48</wp:post_modified>
  <wp:post_modified_gmt>2023-05-25 13:27:48</wp:post_modified_gmt>
  <wp:comment_status>open</wp:comment_status>
  <wp:ping_status>open</wp:ping_status>
  <wp:post_name>%d1%81%d0%b8%d1%80%d0%bd%d0%b0-%d0%bf%d0%b0%d1%81%d1%82%d0%b0</wp:post_name>
  <wp:status>publish</wp:status>
  <wp:post_parent>0</wp:post_parent>
  <wp:menu_order>0</wp:menu_order>
  <wp:post_type>post</wp:post_type>
  <wp:post_password/>
  <wp:is_sticky>0</wp:is_sticky>
  <category domain="category" nicename="%d0%b1%d0%b5%d0%b7-%d1%80%d1%83%d0%b1%d1%80%d0%b8%d0%ba%d0%b8"><![CDATA[Без рубрики]]></category>
  <wp:postmeta>
    <wp:meta_key>_thumbnail_id</wp:meta_key>
    <wp:meta_value><![CDATA[0]]></wp:meta_value>
  </wp:postmeta>
  <wp:postmeta>
    <wp:meta_key>_last_editor_used_jetpack</wp:meta_key>
    <wp:meta_value><![CDATA[block-editor]]></wp:meta_value>
  </wp:postmeta>
  <wp:postmeta>
    <wp:meta_key>wordads_ufa</wp:meta_key>
    <wp:meta_value><![CDATA[s:wpcom-ufa-v3-beta:1685021465]]></wp:meta_value>
  </wp:postmeta>
  <wp:postmeta>
    <wp:meta_key>_publicize_job_id</wp:meta_key>
    <wp:meta_value><![CDATA[84352913417]]></wp:meta_value>
  </wp:postmeta>
  <wp:postmeta>
    <wp:meta_key>timeline_notification</wp:meta_key>
    <wp:meta_value><![CDATA[1685021272]]></wp:meta_value>
  </wp:postmeta>
  <wp:comment>
    <wp:comment_id>1</wp:comment_id>
    <wp:comment_author><![CDATA[Yolo]]></wp:comment_author>
    <wp:comment_author_email>olegmavromati@gmail.com</wp:comment_author_email>
    <wp:comment_author_url>http://foodrecipeshouse.wordpress.com</wp:comment_author_url>
    <wp:comment_author_IP>37.120.221.85</wp:comment_author_IP>
    <wp:comment_date>2023-05-25 16:28:28</wp:comment_date>
    <wp:comment_date_gmt>2023-05-25 13:28:28</wp:comment_date_gmt>
    <wp:comment_content><![CDATA[Ммм... Смаколик]]></wp:comment_content>
    <wp:comment_approved>1</wp:comment_approved>
    <wp:comment_type/>
    <wp:comment_parent>0</wp:comment_parent>
    <wp:comment_user_id>235697963</wp:comment_user_id>
    <wp:commentmeta>
      <wp:meta_key>jabber_published</wp:meta_key>
      <wp:meta_value><![CDATA[1685021309]]></wp:meta_value>
    </wp:commentmeta>
    <wp:commentmeta>
      <wp:meta_key>akismet_result</wp:meta_key>
      <wp:meta_value><![CDATA[false]]></wp:meta_value>
    </wp:commentmeta>
    <wp:commentmeta>
      <wp:meta_key>akismet_history</wp:meta_key>
      <wp:meta_value><![CDATA[a:3:{s:4:"time";d:1685021309.8162;s:5:"event";s:9:"check-ham";s:4:"user";s:13:"olegmavromati";}]]></wp:meta_value>
    </wp:commentmeta>
    <wp:commentmeta>
      <wp:meta_key>akismet_as_submitted</wp:meta_key>
      <wp:meta_value><![CDATA[a:31:{s:14:"comment_author";s:4:"Yolo";s:20:"comment_author_email";s:23:"olegmavromati@gmail.com";s:18:"comment_author_url";s:37:"http://foodrecipeshouse.wordpress.com";s:15:"comment_content";s:26:"Ммм... Смаколик";s:12:"comment_type";s:0:"";s:7:"user_id";i:235697963;s:7:"user_ID";i:235697963;s:17:"comment_author_IP";s:13:"37.120.221.85";s:13:"comment_agent";s:111:"Mozilla/5.0 (Windows NT 10.0; Win64; x64) AppleWebKit/537.36 (KHTML, like Gecko) Chrome/113.0.0.0 Safari/537.36";s:7:"user_ip";s:13:"37.120.221.85";s:10:"user_agent";s:111:"Mozilla/5.0 (Windows NT 10.0; Win64; x64) AppleWebKit/537.36 (KHTML, like Gecko) Chrome/113.0.0.0 Safari/537.36";s:4:"blog";s:37:"http://foodrecipeshouse.wordpress.com";s:9:"blog_lang";s:2:"ru";s:12:"blog_charset";s:5:"UTF-8";s:9:"permalink";s:112:"https://foodrecipeshouse.wordpress.com/2023/05/25/%d1%81%d0%b8%d1%80%d0%bd%d0%b0-%d0%bf%d0%b0%d1%81%d1%82%d0%b0/";s:19:"POST_ak_hp_textarea";s:0:"";s:10:"POST_ak_js";s:13:"1685021276387";s:11:"POST_ak_bib";s:13:"1685021298619";s:11:"POST_ak_bfs";s:13:"1685021308091";s:12:"POST_ak_bkpc";s:2:"15";s:11:"POST_ak_bkp";s:113:"132,351;77,110;121,22;33,110;132,902;99,209;99,132;165,275;187,198;132,143;121,121;110,110;121,176;110,44;99,286;";s:11:"POST_ak_bmc";s:40:"203;95,10136;182,259;113,4414;101,10289;";s:12:"POST_ak_bmcc";s:1:"5";s:11:"POST_ak_bmk";s:3:"1;7";s:11:"POST_ak_bck";s:3:"1;1";s:12:"POST_ak_bmmc";s:1:"7";s:12:"POST_ak_btmc";s:1:"0";s:11:"POST_ak_bsc";s:1:"6";s:11:"POST_ak_bte";s:0:"";s:12:"POST_ak_btec";s:1:"0";s:11:"POST_ak_bmm";s:62:"3174,94;2680,2656;540,1237;4633,1109;229,2315;919,1223;647,37;";}]]></wp:meta_value>
    </wp:commentmeta>
    <wp:commentmeta>
      <wp:meta_key>email_notification_notqueued</wp:meta_key>
      <wp:meta_value><![CDATA[1685021310]]></wp:meta_value>
    </wp:commentmeta>
  </wp:comment>
</item>
  </channel>
</rss>
